id,brand,custom_label_0,custom_label_1,product_type
71401095210,ACLIMA,outlet,lightwool,ACLIMA > lightwool
1100108120,POC,regular,procen,POC > procen
1401016630,ACLIMA,regular,lightwool,ACLIMA > lightwool
71201892250,NORRONA,outlet,falketind,NORRONA > falketind
1100120110,POC,regular,elicit,POC > elicit
1104006900,POC,regular,pocito,POC > pocito
1030036900,HESTRA,regular,xc,HESTRA > xc
71202634240,NORRONA,outlet,femund,NORRONA > femund
1523116070,SAIL RACING,regular,spray,SAIL RACING > spray
71308600270,HOUDINI,outlet,go,HOUDINI > go
71000204600,HESTRA,outlet,joar,HESTRA > joar
1000364210,HESTRA,regular,baby,HESTRA > baby
71000206600,HESTRA,outlet,atle,HESTRA > atle
71401095220,ACLIMA,outlet,lightwool,ACLIMA > lightwool
71000303100,HESTRA,outlet,army,HESTRA > army
71302259842,HOUDINI,outlet,power,HOUDINI > power
71000304310,HESTRA,outlet,omni,HESTRA > omni
71000309309,HESTRA,outlet,sarek,HESTRA > sarek
71000309400,HESTRA,outlet,narvik,HESTRA > narvik
1000369210,HESTRA,regular,my,HESTRA > my
1030036910,HESTRA,regular,xc,HESTRA > xc
71201950250,NORRONA,outlet,falketind,NORRONA > falketind
71105290700,POC,outlet,recycle,POC > recycle
71202003230,NORRONA,outlet,lyngen,NORRONA > lyngen
1308300650,HOUDINI,regular,lykan,HOUDINI > lykan
71205830250,NORRONA,outlet,senja,NORRONA > senja
71401095230,ACLIMA,outlet,lightwool,ACLIMA > lightwool
71202642240,NORRONA,outlet,femund,NORRONA > femund
1100200131,POC,regular,elicit,POC > elicit
71401099150,ACLIMA,outlet,warmwool,ACLIMA > warmwool
1401016880,ACLIMA,regular,designwool,ACLIMA > designwool
1203448240,NORRONA,regular,cotton,NORRONA > cotton
71000313600,HESTRA,outlet,alpine,HESTRA > alpine
1000605910,HESTRA,regular,nordic,HESTRA > nordic
71000315209,HESTRA,outlet,voss,HESTRA > voss
1100200970,POC,regular,dimension,POC > dimension
1401016890,ACLIMA,regular,designwool,ACLIMA > designwool
71202011220,NORRONA,outlet,lyngen,NORRONA > lyngen
71308600280,HOUDINI,outlet,go,HOUDINI > go
71000329500,HESTRA,outlet,ergo,HESTRA > ergo
1100201210,POC,regular,aspire,POC > aspire
71000331500,HESTRA,outlet,oden,HESTRA > oden
1000636600,HESTRA,regular,basic,HESTRA > basic
1000636610,HESTRA,regular,basic,HESTRA > basic
1030036920,HESTRA,regular,xc,HESTRA > xc
71202014240,NORRONA,outlet,more,NORRONA > more
71401016320,ACLIMA,outlet,woolnet,ACLIMA > woolnet
1401016900,ACLIMA,regular,designwool,ACLIMA > designwool
71201615240,NORRONA,regular,trollveggen,NORRONA > trollveggen
1203449240,NORRONA,regular,cotton,NORRONA > cotton
71302268840,HOUDINI,outlet,long,HOUDINI > long
71401084620,ACLIMA,outlet,woolterry,ACLIMA > woolterry
1203455240,NORRONA,regular,sports,NORRONA > sports
1523116080,SAIL RACING,regular,spray,SAIL RACING > spray
71105330200,POC,outlet,air,POC > air
1203516250,NORRONA,regular,pureull,NORRONA > pureull
71000338829,HESTRA,outlet,3finger,HESTRA > 3finger
71000340020,HESTRA,outlet,expedition,HESTRA > expedition
71000341300,HESTRA,outlet,multi,HESTRA > multi
71000344410,HESTRA,outlet,merino,HESTRA > merino
71401102720,ACLIMA,outlet,lightwool,ACLIMA > lightwool
1000639210,HESTRA,regular,nordic,HESTRA > nordic
1203540250,NORRONA,regular,warm3,NORRONA > warm3
71105330300,POC,outlet,air,POC > air
1203543250,NORRONA,regular,wool,NORRONA > wool
1020017300,HESTRA,regular,noah,HESTRA > noah
1401016930,ACLIMA,regular,warmwool,ACLIMA > warmwool
1020030000,HESTRA,regular,jon,HESTRA > jon
1100201301,POC,regular,aspire,POC > aspire
1100210100,POC,regular,devour,POC > devour
71201626220,NORRONA,outlet,trollveggen,NORRONA > trollveggen
71000351410,HESTRA,outlet,windstopper,HESTRA > windstopper
71302281640,HOUDINI,outlet,drop,HOUDINI > drop
1100211100,POC,regular,aspire,POC > aspire
1204201240,NORRONA,regular,skibotn,NORRONA > skibotn
1204203240,NORRONA,regular,skibotn,NORRONA > skibotn
1204205240,NORRONA,regular,skibotn,NORRONA > skibotn
71020017300,HESTRA,outlet,noah,HESTRA > noah
1522315030,SAIL RACING,regular,bowman,SAIL RACING > bowman
1205220230,NORRONA,regular,mid,NORRONA > mid
1401016970,ACLIMA,regular,woolshell,ACLIMA > woolshell
71202015240,NORRONA,outlet,more,NORRONA > more
71100108410,POC,outlet,ventral,POC > ventral
1100400680,POC,regular,pocito,POC > pocito
1401017010,ACLIMA,regular,woolshell,ACLIMA > woolshell
71308600290,HOUDINI,outlet,go,HOUDINI > go
71401102740,ACLIMA,outlet,lightwool,ACLIMA > lightwool
1030037710,HESTRA,regular,baby,HESTRA > baby
71020035800,HESTRA,outlet,daniel,HESTRA > daniel
71401104560,ACLIMA,outlet,lightwool,ACLIMA > lightwool
71202016240,NORRONA,outlet,more,NORRONA > more
71308600300,HOUDINI,outlet,go,HOUDINI > go
71523126010,SAIL RACING,outlet,w,SAIL RACING > w
71030018800,HESTRA,outlet,mono,HESTRA > mono
71401113840,ACLIMA,outlet,lightwool,ACLIMA > lightwool
71401084670,ACLIMA,outlet,woolterry,ACLIMA > woolterry
1401017020,ACLIMA,regular,warmwool,ACLIMA > warmwool
1523116090,SAIL RACING,regular,spray,SAIL RACING > spray
71105331000,POC,outlet,raceday,POC > raceday
71302296640,HOUDINI,outlet,outright,HOUDINI > outright
71401114280,ACLIMA,outlet,lightwool,ACLIMA > lightwool
1100408410,POC,regular,fovea,POC > fovea
1205802240,NORRONA,regular,senja,NORRONA > senja
1030006600,HESTRA,regular,wakayama,HESTRA > wakayama
1000371200,HESTRA,regular,ergo,HESTRA > ergo
1100408450,POC,regular,fovea,POC > fovea
71401114500,ACLIMA,outlet,lightwool,ACLIMA > lightwool
71030019100,HESTRA,outlet,ergo,HESTRA > ergo
71202018240,NORRONA,outlet,more,NORRONA > more
71030027010,HESTRA,outlet,heater,HESTRA > heater
1105106600,POC,regular,coalesce,POC > coalesce
71308300360,HOUDINI,outlet,aero,HOUDINI > aero
71030027410,HESTRA,outlet,gauntlet,HESTRA > gauntlet
71100101140,POC,outlet,obex,POC > obex
71302300540,HOUDINI,outlet,activist,HOUDINI > activist
1000371700,HESTRA,regular,windbreaker,HESTRA > windbreaker
1401017030,ACLIMA,regular,warmwool,ACLIMA > warmwool
71100101160,POC,outlet,obex,POC > obex
1524314040,SAIL RACING,regular,element,SAIL RACING > element
71100101790,POC,outlet,artic,POC > artic
71100101810,POC,outlet,skull,POC > skull
71308600050,HOUDINI,outlet,stride,HOUDINI > stride
71100101820,POC,outlet,skull,POC > skull
71401114790,ACLIMA,outlet,lightwool,ACLIMA > lightwool
71105805100,POC,outlet,enthral,POC > enthral
1401017040,ACLIMA,regular,warmwool,ACLIMA > warmwool
71202019240,NORRONA,outlet,more,NORRONA > more
71100104740,POC,outlet,pocito,POC > pocito
71100104760,POC,outlet,fornix,POC > fornix
1100408510,POC,regular,nexal,POC > nexal
1000371900,HESTRA,regular,klaebo,HESTRA > klaebo
1205805230,NORRONA,regular,senja,NORRONA > senja
1100408610,POC,regular,opsin,POC > opsin
71401115080,ACLIMA,outlet,lightwool,ACLIMA > lightwool
1000372400,HESTRA,regular,xc,HESTRA > xc
71302309540,HOUDINI,outlet,tree,HOUDINI > tree
1524316130,SAIL RACING,regular,bowman,SAIL RACING > bowman
1401017050,ACLIMA,regular,warmwool,ACLIMA > warmwool
71302378741,HOUDINI,outlet,activist,HOUDINI > activist
1100408710,POC,regular,retina,POC > retina
1030006610,HESTRA,regular,wakayama,HESTRA > wakayama
1401017110,ACLIMA,regular,warmwool,ACLIMA > warmwool
71302387240,HOUDINI,outlet,cosmo,HOUDINI > cosmo
71308300370,HOUDINI,outlet,aero,HOUDINI > aero
71202020240,NORRONA,outlet,more,NORRONA > more
71401115370,ACLIMA,outlet,lightwool,ACLIMA > lightwool
71100104830,POC,outlet,calyx,POC > calyx
71308600320,HOUDINI,outlet,go,HOUDINI > go
71100104860,POC,outlet,levator,POC > levator
71100104880,POC,outlet,calyx,POC > calyx
1401017150,ACLIMA,regular,warmwool,ACLIMA > warmwool
1000372900,HESTRA,regular,xc,HESTRA > xc
1105231500,POC,regular,pro,POC > pro
71100108120,POC,outlet,procen,POC > procen
71100108160,POC,outlet,cytal,POC > cytal
71401115660,ACLIMA,outlet,lightwool,ACLIMA > lightwool
71100290100,POC,outlet,devour,POC > devour
71202021240,NORRONA,outlet,more,NORRONA > more
71308300400,HOUDINI,outlet,aero,HOUDINI > aero
1205806240,NORRONA,regular,senja,NORRONA > senja
71105814900,POC,outlet,aero,POC > aero
71100408410,POC,outlet,fovea,POC > fovea
71100408510,POC,outlet,nexal,POC > nexal
71100408610,POC,outlet,opsin,POC > opsin
71308600330,HOUDINI,outlet,more,HOUDINI > more
71105815300,POC,outlet,ultimate,POC > ultimate
71301207140,HOUDINI,outlet,mono,HOUDINI > mono
71100409010,POC,outlet,nexal,POC > nexal
71100510650,POC,outlet,coalesce,POC > coalesce
1105232300,POC,regular,motion,POC > motion
1401017170,ACLIMA,regular,warmwool,ACLIMA > warmwool
71100510850,POC,outlet,race,POC > race
71100581650,POC,outlet,essential,POC > essential
1000374400,HESTRA,regular,confort,HESTRA > confort
1030006710,HESTRA,regular,mist,HESTRA > mist
71100600550,POC,outlet,poc,POC > poc
1525112010,SAIL RACING,regular,breeze,SAIL RACING > breeze
1100414200,POC,regular,foveafovea,POC > foveafovea
71202023240,NORRONA,outlet,more,NORRONA > more
71202025240,NORRONA,outlet,lyngen,NORRONA > lyngen
1401017310,ACLIMA,regular,warmwool,ACLIMA > warmwool
1100414220,POC,regular,retinaretina,POC > retinaretina
71202033240,NORRONA,outlet,more,NORRONA > more
1401017320,ACLIMA,regular,warmwool,ACLIMA > warmwool
71202041180,NORRONA,outlet,lyngen,NORRONA > lyngen
71105815700,POC,outlet,thermal,POC > thermal
71520118500,SAIL RACING,outlet,bowman,SAIL RACING > bowman
1105232500,POC,regular,motion,POC > motion
1105232600,POC,regular,thermal,POC > thermal
1401017350,ACLIMA,regular,warmwool,ACLIMA > warmwool
71100616510,POC,outlet,poc,POC > poc
1401017360,ACLIMA,regular,warmwool,ACLIMA > warmwool
1401017390,ACLIMA,regular,warmwool,ACLIMA > warmwool
71202047220,NORRONA,outlet,lyngen,NORRONA > lyngen
71202201230,NORRONA,outlet,fjora,NORRONA > fjora
1205807230,NORRONA,regular,senja,NORRONA > senja
1030007300,HESTRA,regular,goretex,HESTRA > goretex
1401017640,ACLIMA,regular,lightwool,ACLIMA > lightwool
1525112020,SAIL RACING,regular,tornado,SAIL RACING > tornado
71202203240,NORRONA,outlet,fjora,NORRONA > fjora
1100414240,POC,regular,zonulazonula,POC > zonulazonula
71202204230,NORRONA,outlet,fjora,NORRONA > fjora
71523117010,SAIL RACING,outlet,race,SAIL RACING > race
1000202100,HESTRA,regular,deerskin,HESTRA > deerskin
71202662240,NORRONA,outlet,femund,NORRONA > femund
1525115030,SAIL RACING,regular,wind,SAIL RACING > wind
1205809230,NORRONA,regular,senja,NORRONA > senja
1401017650,ACLIMA,regular,lightwool,ACLIMA > lightwool
1000301900,HESTRA,regular,vertical,HESTRA > vertical
71520317010,SAIL RACING,outlet,race,SAIL RACING > race
1308400830,HOUDINI,regular,puremerino,HOUDINI > puremerino
71521111050,SAIL RACING,outlet,race,SAIL RACING > race
71521117010,SAIL RACING,outlet,spray,SAIL RACING > spray
71202207180,NORRONA,outlet,fjora,NORRONA > fjora
71521118010,SAIL RACING,outlet,bowman,SAIL RACING > bowman
71100616520,POC,outlet,poc,POC > poc
1000301920,HESTRA,regular,vertical,HESTRA > vertical
1401017750,ACLIMA,regular,lightwool,ACLIMA > lightwool
1205811250,NORRONA,regular,senja,NORRONA > senja
71521118050,SAIL RACING,outlet,race,SAIL RACING > race
71100642670,POC,outlet,pure,POC > pure
71100642680,POC,outlet,pompom,POC > pompom
1401017910,ACLIMA,regular,forester,ACLIMA > forester
1100414250,POC,regular,nexal,POC > nexal
1401017920,ACLIMA,regular,lightwool,ACLIMA > lightwool
71105816400,POC,outlet,raceday,POC > raceday
1000304300,HESTRA,regular,omni,HESTRA > omni
1401022760,ACLIMA,regular,designwool,ACLIMA > designwool
71101010900,POC,outlet,obex,POC > obex
71308300410,HOUDINI,outlet,aero,HOUDINI > aero
1401024710,ACLIMA,regular,designwool,ACLIMA > designwool
71202237250,NORRONA,outlet,fjora,NORRONA > fjora
71202406210,NORRONA,outlet,arktis,NORRONA > arktis
71101041200,POC,outlet,fornix,POC > fornix
1401027030,ACLIMA,regular,designwool,ACLIMA > designwool
71101041400,POC,outlet,fornix,POC > fornix
1030007800,HESTRA,regular,fall,HESTRA > fall
1100414270,POC,regular,opsin,POC > opsin
71302485140,HOUDINI,outlet,fall,HOUDINI > fall
71521117030,SAIL RACING,outlet,spray,SAIL RACING > spray
1030007810,HESTRA,regular,fall,HESTRA > fall
1205818230,NORRONA,regular,senja,NORRONA > senja
71101058000,POC,outlet,tectal,POC > tectal
1401027100,ACLIMA,regular,designwool,ACLIMA > designwool
71101059100,POC,outlet,cularis,POC > cularis
1201005250,NORRONA,regular,lofoten,NORRONA > lofoten
71302486240,HOUDINI,outlet,one,HOUDINI > one
1100510640,POC,regular,coalesce,POC > coalesce
1100510850,POC,regular,race,POC > race
71202623240,NORRONA,outlet,femund,NORRONA > femund
1030007820,HESTRA,regular,fall,HESTRA > fall
71101059300,POC,outlet,cularis,POC > cularis
71202624240,NORRONA,outlet,femund,NORRONA > femund
1100600550,POC,regular,poc,POC > poc
71101076700,POC,outlet,ventral,POC > ventral
71101077200,POC,outlet,omne,POC > omne
71302510040,HOUDINI,outlet,desoli,HOUDINI > desoli
71308300460,HOUDINI,outlet,pace,HOUDINI > pace
1205819230,NORRONA,regular,senja,NORRONA > senja
1401027230,ACLIMA,regular,designwool,ACLIMA > designwool
71308600420,HOUDINI,outlet,corespun,HOUDINI > corespun
1401027300,ACLIMA,regular,woolnet,ACLIMA > woolnet
71101079300,POC,outlet,omne,POC > omne
71101081400,POC,outlet,cytal,POC > cytal
71401095160,ACLIMA,outlet,lightwool,ACLIMA > lightwool
71105822300,POC,outlet,pristine,POC > pristine
1401027370,ACLIMA,regular,woolnet,ACLIMA > woolnet
71101082000,POC,outlet,crane,POC > crane
71522112110,SAIL RACING,outlet,race,SAIL RACING > race
1205820230,NORRONA,regular,senja,NORRONA > senja
1030016200,HESTRA,regular,army,HESTRA > army
1205823230,NORRONA,regular,senja,NORRONA > senja
71101088500,POC,outlet,cytal,POC > cytal
71102002400,POC,outlet,pocito,POC > pocito
71102037800,POC,outlet,vpd,POC > vpd
71102512000,POC,outlet,lamina,POC > lamina
71522311150,SAIL RACING,outlet,spray,SAIL RACING > spray
1030016210,HESTRA,regular,army,HESTRA > army
1100616500,POC,regular,poc,POC > poc
1401027510,ACLIMA,regular,woolnet,ACLIMA > woolnet
1030018300,HESTRA,regular,xc,HESTRA > xc
1401032770,ACLIMA,regular,woolnet,ACLIMA > woolnet
71102512100,POC,outlet,column,POC > column
1100616510,POC,regular,poc,POC > poc
1525218010,SAIL RACING,regular,tornado,SAIL RACING > tornado
71202625240,NORRONA,outlet,femund,NORRONA > femund
71103033400,POC,outlet,resistance,POC > resistance
1401032790,ACLIMA,regular,woolnet,ACLIMA > woolnet
1401032830,ACLIMA,regular,doublewool,ACLIMA > doublewool
71308100550,HOUDINI,outlet,heyday,HOUDINI > heyday
71103033500,POC,outlet,resistance,POC > resistance
71303725240,HOUDINI,outlet,zissou,HOUDINI > zissou
1100616520,POC,regular,poc,POC > poc
1401034110,ACLIMA,regular,doublewool,ACLIMA > doublewool
1205824230,NORRONA,regular,senja,NORRONA > senja
1401034180,ACLIMA,regular,doublewool,ACLIMA > doublewool
71308600430,HOUDINI,outlet,corespun,HOUDINI > corespun
1100704740,POC,regular,knog,POC > knog
71103033800,POC,outlet,essential,POC > essential
1401034250,ACLIMA,regular,doublewool,ACLIMA > doublewool
1525311100,SAIL RACING,regular,spray,SAIL RACING > spray
71103037400,POC,outlet,deft,POC > deft
1401034320,ACLIMA,regular,doublewool,ACLIMA > doublewool
71308300470,HOUDINI,outlet,pace,HOUDINI > pace
71302584140,HOUDINI,outlet,desoli,HOUDINI > desoli
71522311370,SAIL RACING,outlet,spray,SAIL RACING > spray
1030018800,HESTRA,regular,mono,HESTRA > mono
71202626240,NORRONA,outlet,femund,NORRONA > femund
1401062880,ACLIMA,regular,woolshell,ACLIMA > woolshell
71000103600,HESTRA,outlet,emelie,HESTRA > emelie
1401034390,ACLIMA,regular,doublewool,ACLIMA > doublewool
1205826230,NORRONA,regular,senja,NORRONA > senja
71202676240,NORRONA,outlet,femund,NORRONA > femund
1030018810,HESTRA,regular,mono,HESTRA > mono
1525316200,SAIL RACING,regular,patrol,SAIL RACING > patrol
71308600140,HOUDINI,outlet,pace,HOUDINI > pace
1401034460,ACLIMA,regular,doublewool,ACLIMA > doublewool
1401034890,ACLIMA,regular,explorer,ACLIMA > explorer
71105822400,POC,outlet,pristine,POC > pristine
71103037500,POC,outlet,agile,POC > agile
71522312100,SAIL RACING,outlet,bowman,SAIL RACING > bowman
71308600440,HOUDINI,outlet,tree,HOUDINI > tree
1030019800,HESTRA,regular,gsl,HESTRA > gsl
71202628240,NORRONA,outlet,femund,NORRONA > femund
71522315020,SAIL RACING,outlet,bowman,SAIL RACING > bowman
1030019810,HESTRA,regular,gsl,HESTRA > gsl
1101010900,POC,regular,obex,POC > obex
71000205600,HESTRA,outlet,olav,HESTRA > olav
71000205800,HESTRA,outlet,hakon,HESTRA > hakon
71202629240,NORRONA,outlet,femund,NORRONA > femund
1030019820,HESTRA,regular,gsl,HESTRA > gsl
71522315030,SAIL RACING,outlet,bowman,SAIL RACING > bowman
1401034910,ACLIMA,regular,warmwool,ACLIMA > warmwool
1526112020,SAIL RACING,regular,tornado,SAIL RACING > tornado
71102051100,POC,outlet,vpd,POC > vpd
71202677240,NORRONA,outlet,femund,NORRONA > femund
1030020800,HESTRA,regular,fall,HESTRA > fall
1205830250,NORRONA,regular,senja,NORRONA > senja
1030020810,HESTRA,regular,fall,HESTRA > fall
1060009510,HESTRA,regular,nordic,HESTRA > nordic
71000301900,HESTRA,regular,vertical,HESTRA > vertical
71522316040,SAIL RACING,outlet,spray,SAIL RACING > spray
71522317080,SAIL RACING,outlet,race,SAIL RACING > race
1030027000,HESTRA,regular,heater,HESTRA > heater
71522317090,SAIL RACING,outlet,race,SAIL RACING > race
71522322100,SAIL RACING,outlet,w,SAIL RACING > w
71000304300,HESTRA,outlet,omni,HESTRA > omni
71308300560,HOUDINI,outlet,boxer,HOUDINI > boxer
1205832250,NORRONA,regular,senja,NORRONA > senja
71522325100,SAIL RACING,outlet,w,SAIL RACING > w
71103037600,POC,outlet,savant,POC > savant
1523117020,SAIL RACING,regular,race,SAIL RACING > race
71523112080,SAIL RACING,outlet,race,SAIL RACING > race
71106160800,POC,outlet,poc,POC > poc
1030027400,HESTRA,regular,gauntlet,HESTRA > gauntlet
71000309300,HESTRA,outlet,sarek,HESTRA > sarek
1301202340,HOUDINI,regular,alto,HOUDINI > alto
71104025100,POC,outlet,ora,POC > ora
71105231300,POC,outlet,the,POC > the
71105231800,POC,outlet,pro,POC > pro
71308600450,HOUDINI,outlet,tree,HOUDINI > tree
71202630240,NORRONA,outlet,femund,NORRONA > femund
71105233700,POC,outlet,air,POC > air
1401042840,ACLIMA,regular,flexwool,ACLIMA > flexwool
1105285300,POC,regular,mantle,POC > mantle
71106165600,POC,outlet,poc,POC > poc
1030027410,HESTRA,regular,gauntlet,HESTRA > gauntlet
1101041200,POC,regular,fornix,POC > fornix
71106165700,POC,outlet,poc,POC > poc
1101041300,POC,regular,fornix,POC > fornix
71202632240,NORRONA,outlet,femund,NORRONA > femund
71202635240,NORRONA,outlet,femund,NORRONA > femund
1101041400,POC,regular,fornix,POC > fornix
1060009820,HESTRA,regular,wool,HESTRA > wool
1401043050,ACLIMA,regular,hotwool,ACLIMA > hotwool
71105234400,POC,outlet,motion,POC > motion
71105275400,POC,outlet,rhythm,POC > rhythm
1526112060,SAIL RACING,regular,fleet,SAIL RACING > fleet
1301607240,HOUDINI,regular,wadi,HOUDINI > wadi
71105275500,POC,outlet,infinite,POC > infinite
71201838240,NORRONA,outlet,falketind,NORRONA > falketind
1401046750,ACLIMA,regular,lightwool,ACLIMA > lightwool
1030027420,HESTRA,regular,gauntlet,HESTRA > gauntlet
71105276300,POC,outlet,rouse,POC > rouse
71202640240,NORRONA,outlet,femund,NORRONA > femund
1000305700,HESTRA,regular,heli,HESTRA > heli
1101059100,POC,regular,cularis,POC > cularis
1302087940,HOUDINI,regular,enfold,HOUDINI > enfold
71302586940,HOUDINI,outlet,cover,HOUDINI > cover
71106410100,POC,outlet,thermal,POC > thermal
71106430600,POC,outlet,thermal,POC > thermal
1401046880,ACLIMA,regular,lightwool,ACLIMA > lightwool
71302607240,HOUDINI,outlet,wadi,HOUDINI > wadi
71523117030,SAIL RACING,outlet,race,SAIL RACING > race
1302202340,HOUDINI,regular,alto,HOUDINI > alto
1030027600,HESTRA,regular,czone,HESTRA > czone
71302608540,HOUDINI,outlet,wadi,HOUDINI > wadi
71202646240,NORRONA,outlet,femund,NORRONA > femund
71105284600,POC,outlet,signal,POC > signal
71105285000,POC,outlet,mtb,POC > mtb
1020035700,HESTRA,regular,gneis,HESTRA > gneis
71202647240,NORRONA,outlet,femund,NORRONA > femund
71302908640,HOUDINI,outlet,dock,HOUDINI > dock
1101061100,POC,regular,procen,POC > procen
1060017410,HESTRA,regular,dale,HESTRA > dale
71202648240,NORRONA,outlet,femund,NORRONA > femund
71523125010,SAIL RACING,outlet,w,SAIL RACING > w
1030027620,HESTRA,regular,czone,HESTRA > czone
1401047450,ACLIMA,regular,lightwool,ACLIMA > lightwool
71308300570,HOUDINI,outlet,boxer,HOUDINI > boxer
71202648241,NORRONA,outlet,femund,NORRONA > femund
71202650250,NORRONA,outlet,femund,NORRONA > femund
71000317900,HESTRA,outlet,power,HESTRA > power
71308300620,HOUDINI,outlet,power,HOUDINI > power
71105290100,POC,outlet,reform,POC > reform
71308600460,HOUDINI,outlet,tree,HOUDINI > tree
71105329200,POC,outlet,essential,POC > essential
1101059300,POC,regular,cularis,POC > cularis
1101073600,POC,regular,pocito,POC > pocito
71105329500,POC,outlet,enthral,POC > enthral
1401047720,ACLIMA,regular,lightwool,ACLIMA > lightwool
71105329700,POC,outlet,pristine,POC > pristine
71000325300,HESTRA,outlet,gauntlet,HESTRA > gauntlet
71106512000,POC,outlet,essential,POC > essential
1030028200,HESTRA,regular,ergo,HESTRA > ergo
71303003440,HOUDINI,outlet,dunfri,HOUDINI > dunfri
1302607240,HOUDINI,regular,wadi,HOUDINI > wadi
1401047850,ACLIMA,regular,lightwool,ACLIMA > lightwool
71000325320,HESTRA,outlet,gantlet,HESTRA > gantlet
71105330700,POC,outlet,essential,POC > essential
71308600470,HOUDINI,outlet,tree,HOUDINI > tree
1030028400,HESTRA,regular,wakayama,HESTRA > wakayama
1401048060,ACLIMA,regular,leisurewool,ACLIMA > leisurewool
71105330800,POC,outlet,essential,POC > essential
1401053120,ACLIMA,regular,warmwool,ACLIMA > warmwool
71308300630,HOUDINI,outlet,power,HOUDINI > power
71105801200,POC,outlet,haven,POC > haven
71202652240,NORRONA,outlet,femund,NORRONA > femund
71308300670,HOUDINI,outlet,power,HOUDINI > power
1302907940,HOUDINI,regular,dock,HOUDINI > dock
1303003440,HOUDINI,regular,dunfri,HOUDINI > dunfri
1303303540,HOUDINI,regular,activist,HOUDINI > activist
71000329910,HESTRA,outlet,ferox,HESTRA > ferox
71202653240,NORRONA,outlet,femund,NORRONA > femund
1030028410,HESTRA,regular,wakayama,HESTRA > wakayama
71308300680,HOUDINI,outlet,power,HOUDINI > power
71105811100,POC,outlet,essential,POC > essential
1106431000,POC,regular,layer,POC > layer
71105813500,POC,outlet,essential,POC > essential
71308300780,HOUDINI,outlet,power,HOUDINI > power
1303688640,HOUDINI,regular,gone,HOUDINI > gone
71105815400,POC,outlet,pure,POC > pure
71308600510,HOUDINI,outlet,tree,HOUDINI > tree
1401059800,ACLIMA,regular,leisurewool,ACLIMA > leisurewool
1526115110,SAIL RACING,regular,fleet,SAIL RACING > fleet
1000305710,HESTRA,regular,heli,HESTRA > heli
1525115110,SAIL RACING,regular,wind,SAIL RACING > wind
71308000650,HOUDINI,outlet,moonwalk,HOUDINI > moonwalk
1308600580,HOUDINI,regular,symbio,HOUDINI > symbio
71308400040,HOUDINI,outlet,the,HOUDINI > the
1303702940,HOUDINI,regular,alto,HOUDINI > alto
71202654240,NORRONA,outlet,femund,NORRONA > femund
1401062890,ACLIMA,regular,woolshell,ACLIMA > woolshell
71000338729,HESTRA,outlet,3finger,HESTRA > 3finger
1401063030,ACLIMA,regular,woolshell,ACLIMA > woolshell
71105816200,POC,outlet,raceday,POC > raceday
71523316090,SAIL RACING,outlet,spray,SAIL RACING > spray
71105821700,POC,outlet,thermal,POC > thermal
71202657240,NORRONA,outlet,femund,NORRONA > femund
71000338820,HESTRA,outlet,3finger,HESTRA > 3finger
71525111080,SAIL RACING,outlet,amplitude,SAIL RACING > amplitude
71000340000,HESTRA,outlet,expedition,HESTRA > expedition
71202664240,NORRONA,outlet,femund,NORRONA > femund
1101077200,POC,regular,omne,POC > omne
71303206240,HOUDINI,outlet,power,HOUDINI > power
71000342400,HESTRA,outlet,insulation,HESTRA > insulation
71202665240,NORRONA,outlet,femund,NORRONA > femund
71000344400,HESTRA,outlet,merino,HESTRA > merino
71308600670,HOUDINI,outlet,cover,HOUDINI > cover
71308400050,HOUDINI,outlet,pace,HOUDINI > pace
71201006250,NORRONA,outlet,lofoten,NORRONA > lofoten
1101079300,POC,regular,omne,POC > omne
1100408910,POC,regular,zonula,POC > zonula
71525115030,SAIL RACING,outlet,wind,SAIL RACING > wind
1303725240,HOUDINI,regular,zissou,HOUDINI > zissou
71525115040,SAIL RACING,outlet,cyclone,SAIL RACING > cyclone
1030030220,HESTRA,regular,army,HESTRA > army
1303786840,HOUDINI,regular,top,HOUDINI > top
71000363510,HESTRA,outlet,baby,HESTRA > baby
1306499440,HOUDINI,regular,the,HOUDINI > the
1101081400,POC,regular,cytal,POC > cytal
1101084500,POC,regular,cytal,POC > cytal
71105822100,POC,outlet,essential,POC > essential
1308000650,HOUDINI,regular,moonwalk,HOUDINI > moonwalk
71308400060,HOUDINI,outlet,pace,HOUDINI > pace
71308600680,HOUDINI,outlet,route,HOUDINI > route
1526116010,SAIL RACING,regular,shore,SAIL RACING > shore
1308000660,HOUDINI,regular,moonwalk,HOUDINI > moonwalk
71106005000,POC,outlet,poc,POC > poc
71520112070,SAIL RACING,outlet,race,SAIL RACING > race
1401063100,ACLIMA,regular,reborn,ACLIMA > reborn
71106005100,POC,outlet,race,POC > race
1401063110,ACLIMA,regular,reborn,ACLIMA > reborn
71106005300,POC,outlet,poc,POC > poc
1526116020,SAIL RACING,regular,shore,SAIL RACING > shore
1030031110,HESTRA,regular,remix,HESTRA > remix
1101088300,POC,regular,amidal,POC > amidal
71308400080,HOUDINI,outlet,pace,HOUDINI > pace
1030033200,HESTRA,regular,windbreaker,HESTRA > windbreaker
1102002600,POC,regular,pocito,POC > pocito
71202669250,NORRONA,outlet,femund,NORRONA > femund
1102038200,POC,regular,oseus,POC > oseus
71202672240,NORRONA,outlet,femund,NORRONA > femund
71308400160,HOUDINI,outlet,cover,HOUDINI > cover
1030033600,HESTRA,regular,flextron,HESTRA > flextron
1102513500,POC,regular,ultra,POC > ultra
1030034200,HESTRA,regular,expedition,HESTRA > expedition
1030034900,HESTRA,regular,gravita,HESTRA > gravita
1102513600,POC,regular,ultra,POC > ultra
71525115110,SAIL RACING,outlet,wind,SAIL RACING > wind
71202673240,NORRONA,outlet,femund,NORRONA > femund
1102513800,POC,regular,ultra,POC > ultra
71106431100,POC,outlet,poc,POC > poc
1102514100,POC,regular,ultra,POC > ultra
71308600700,HOUDINI,outlet,cosmo,HOUDINI > cosmo
1526117050,SAIL RACING,regular,shore,SAIL RACING > shore
71308400130,HOUDINI,outlet,adventure,HOUDINI > adventure
1030036000,HESTRA,regular,vemdalen,HESTRA > vemdalen
1526117060,SAIL RACING,regular,shore,SAIL RACING > shore
1600000250,POW,regular,makiri,POW > makiri
1308100060,HOUDINI,regular,the,HOUDINI > the
1600000270,POW,regular,mobile,POW > mobile
71000364219,HESTRA,outlet,baby,HESTRA > baby
1600000280,POW,regular,thermal,POW > thermal
1308100210,HOUDINI,regular,five,HOUDINI > five
1600000310,POW,regular,tanto,POW > tanto
71202674240,NORRONA,outlet,femund,NORRONA > femund
71308600710,HOUDINI,outlet,cosmo,HOUDINI > cosmo
71308600720,HOUDINI,outlet,liquid,HOUDINI > liquid
71106431200,POC,outlet,poc,POC > poc
1401063180,ACLIMA,regular,lightwool,ACLIMA > lightwool
71303281540,HOUDINI,outlet,power,HOUDINI > power
71106431300,POC,outlet,poc,POC > poc
1700000100,PLUS ONE WORKS,regular,scapa,PLUS ONE WORKS > scapa
71000364710,HESTRA,outlet,hygge,HESTRA > hygge
71000364719,HESTRA,outlet,hygge,HESTRA > hygge
71106514100,POC,outlet,soleus,POC > soleus
71525311100,SAIL RACING,outlet,spray,SAIL RACING > spray
1030036010,HESTRA,regular,vemdalen,HESTRA > vemdalen
1103037500,POC,regular,agile,POC > agile
71106514600,POC,outlet,zephyr,POC > zephyr
1308100220,HOUDINI,regular,five,HOUDINI > five
71202679250,NORRONA,outlet,femund,NORRONA > femund
71202683240,NORRONA,outlet,femund,NORRONA > femund
71000374400,HESTRA,outlet,confort,HESTRA > confort
71520317030,SAIL RACING,outlet,race,SAIL RACING > race
71600000190,POW,outlet,denali,POW > denali
1308100250,HOUDINI,regular,puff,HOUDINI > puff
1060037500,HESTRA,regular,raggwool,HESTRA > raggwool
1060038910,HESTRA,regular,elle,HESTRA > elle
71520317060,SAIL RACING,outlet,race,SAIL RACING > race
1700000110,PLUS ONE WORKS,regular,scapa,PLUS ONE WORKS > scapa
71106514700,POC,outlet,flair,POC > flair
71303382240,HOUDINI,outlet,activist,HOUDINI > activist
1101076700,POC,regular,ventral,POC > ventral
71202686240,NORRONA,outlet,femund,NORRONA > femund
71308100190,HOUDINI,outlet,heyday,HOUDINI > heyday
71308600730,HOUDINI,outlet,liquid,HOUDINI > liquid
71520317110,SAIL RACING,outlet,race,SAIL RACING > race
1030036410,HESTRA,regular,seam,HESTRA > seam
71202690241,NORRONA,outlet,femund,NORRONA > femund
1103037600,POC,regular,savant,POC > savant
1104025000,POC,regular,ora,POC > ora
1030036500,HESTRA,regular,ergo,HESTRA > ergo
71030007300,HESTRA,outlet,goretex,HESTRA > goretex
71308600850,HOUDINI,outlet,go,HOUDINI > go
1308100310,HOUDINI,regular,the,HOUDINI > the
71308400180,HOUDINI,outlet,cover,HOUDINI > cover
71203414230,NORRONA,outlet,cotton,NORRONA > cotton
71308100250,HOUDINI,outlet,puff,HOUDINI > puff
1308100320,HOUDINI,regular,the,HOUDINI > the
71030007310,HESTRA,outlet,goretex,HESTRA > goretex
71202691240,NORRONA,outlet,femund,NORRONA > femund
1401063190,ACLIMA,regular,lightwool,ACLIMA > lightwool
1030036800,HESTRA,regular,ergo,HESTRA > ergo
1308100360,HOUDINI,regular,bff,HOUDINI > bff
71106516800,POC,outlet,motion,POC > motion
1030037010,HESTRA,regular,sarek,HESTRA > sarek
1700000350,PLUS ONE WORKS,regular,down,PLUS ONE WORKS > down
1030039200,HESTRA,regular,heli,HESTRA > heli
1000305720,HESTRA,regular,heli,HESTRA > heli
71201003220,NORRONA,outlet,lofoten,NORRONA > lofoten
71308600860,HOUDINI,outlet,go,HOUDINI > go
71030014700,HESTRA,outlet,chamois,HESTRA > chamois
71030015410,HESTRA,outlet,paw,HESTRA > paw
71203543250,NORRONA,outlet,wool,NORRONA > wool
71308400230,HOUDINI,outlet,desoli,HOUDINI > desoli
71030016200,HESTRA,outlet,army,HESTRA > army
1308100370,HOUDINI,regular,bff,HOUDINI > bff
71308600910,HOUDINI,outlet,daybreak,HOUDINI > daybreak
1030039210,HESTRA,regular,heli,HESTRA > heli
1030039310,HESTRA,regular,windbreaker,HESTRA > windbreaker
1030039700,HESTRA,regular,heated,HESTRA > heated
1308100380,HOUDINI,regular,one,HOUDINI > one
71202692240,NORRONA,outlet,femund,NORRONA > femund
71308400280,HOUDINI,outlet,desoli,HOUDINI > desoli
71308400200,HOUDINI,outlet,adventure,HOUDINI > adventure
71201007250,NORRONA,outlet,lofoten,NORRONA > lofoten
71308400300,HOUDINI,outlet,desoli,HOUDINI > desoli
71202695240,NORRONA,outlet,femund,NORRONA > femund
71521112030,SAIL RACING,outlet,bowman,SAIL RACING > bowman
1105292400,POC,regular,motion,POC > motion
71303490540,HOUDINI,outlet,daybreak,HOUDINI > daybreak
1401063200,ACLIMA,regular,lightwool,ACLIMA > lightwool
71201021240,NORRONA,outlet,lofoten,NORRONA > lofoten
1030007310,HESTRA,regular,goretex,HESTRA > goretex
71202696240,NORRONA,outlet,femund,NORRONA > femund
71201022240,NORRONA,outlet,lofoten,NORRONA > lofoten
1700000640,PLUS ONE WORKS,regular,no,PLUS ONE WORKS > no
71308100270,HOUDINI,outlet,five,HOUDINI > five
1104025100,POC,regular,ora,POC > ora
71201025200,NORRONA,outlet,lofoten,NORRONA > lofoten
1104027200,POC,regular,zygon,POC > zygon
71201025240,NORRONA,outlet,lofoten,NORRONA > lofoten
71308600920,HOUDINI,outlet,daybreak,HOUDINI > daybreak
1104043200,POC,regular,fovea,POC > fovea
71308600950,HOUDINI,outlet,tree,HOUDINI > tree
1700000641,PLUS ONE WORKS,regular,no,PLUS ONE WORKS > no
71303584540,HOUDINI,outlet,desoli,HOUDINI > desoli
71201026200,NORRONA,outlet,lofoten,NORRONA > lofoten
1308100390,HOUDINI,regular,one,HOUDINI > one
71308100280,HOUDINI,outlet,five,HOUDINI > five
1308100450,HOUDINI,regular,ride,HOUDINI > ride
71030020800,HESTRA,outlet,fall,HESTRA > fall
71522317050,SAIL RACING,outlet,spray,SAIL RACING > spray
1700000650,PLUS ONE WORKS,regular,koval,PLUS ONE WORKS > koval
71202717250,NORRONA,outlet,femund,NORRONA > femund
71308600960,HOUDINI,outlet,tree,HOUDINI > tree
1401063210,ACLIMA,regular,lightwool,ACLIMA > lightwool
1308100460,HOUDINI,regular,ride,HOUDINI > ride
1101999000,POC,regular,procenprocen,POC > procenprocen
1308100480,HOUDINI,regular,bff,HOUDINI > bff
1105231800,POC,regular,pro,POC > pro
71303688640,HOUDINI,outlet,gone,HOUDINI > gone
71201026240,NORRONA,outlet,lofoten,NORRONA > lofoten
71303702740,HOUDINI,outlet,alto,HOUDINI > alto
71201047200,NORRONA,outlet,skisnowboard,NORRONA > skisnowboard
1308100490,HOUDINI,regular,bff,HOUDINI > bff
71201031200,NORRONA,outlet,lofoten,NORRONA > lofoten
1105232400,POC,regular,motion,POC > motion
71401016330,ACLIMA,outlet,woolnet,ACLIMA > woolnet
71308400330,HOUDINI,outlet,desoli,HOUDINI > desoli
1308100620,HOUDINI,regular,the,HOUDINI > the
71401016780,ACLIMA,outlet,hotwool,ACLIMA > hotwool
1205210220,NORRONA,regular,femund,NORRONA > femund
1308100630,HOUDINI,regular,the,HOUDINI > the
1700000651,PLUS ONE WORKS,regular,koval,PLUS ONE WORKS > koval
71303702940,HOUDINI,outlet,alto,HOUDINI > alto
71201032200,NORRONA,outlet,lofoten,NORRONA > lofoten
71201064170,NORRONA,outlet,lofoten,NORRONA > lofoten
71202718250,NORRONA,outlet,femund,NORRONA > femund
71303786840,HOUDINI,outlet,top,HOUDINI > top
1308200070,HOUDINI,regular,dunfri,HOUDINI > dunfri
71306006840,HOUDINI,outlet,puffy,HOUDINI > puffy
1308200140,HOUDINI,regular,double,HOUDINI > double
71308400340,HOUDINI,outlet,desoli,HOUDINI > desoli
1700000660,PLUS ONE WORKS,regular,eyguebelle,PLUS ONE WORKS > eyguebelle
71030027420,HESTRA,outlet,gauntlet,HESTRA > gauntlet
71202719250,NORRONA,outlet,femund,NORRONA > femund
71401016850,ACLIMA,outlet,hotwool,ACLIMA > hotwool
1308200240,HOUDINI,regular,dunfri,HOUDINI > dunfri
1308200300,HOUDINI,regular,dunfri,HOUDINI > dunfri
1700000661,PLUS ONE WORKS,regular,eyguebelle,PLUS ONE WORKS > eyguebelle
71202760260,NORRONA,outlet,femund,NORRONA > femund
1308200310,HOUDINI,regular,dunfri,HOUDINI > dunfri
71202761260,NORRONA,outlet,femund,NORRONA > femund
71306499440,HOUDINI,outlet,the,HOUDINI > the
71202790260,NORRONA,outlet,femund,NORRONA > femund
71000372900,HESTRA,outlet,xc,HESTRA > xc
71401016860,ACLIMA,outlet,hotwool,ACLIMA > hotwool
71201201230,NORRONA,outlet,tamok,NORRONA > tamok
71308400380,HOUDINI,outlet,desoli,HOUDINI > desoli
1700000670,PLUS ONE WORKS,regular,koval,PLUS ONE WORKS > koval
71201202240,NORRONA,outlet,tamok,NORRONA > tamok
1308300060,HOUDINI,regular,outright,HOUDINI > outright
1308300070,HOUDINI,regular,outright,HOUDINI > outright
1401063020,ACLIMA,regular,woolshell,ACLIMA > woolshell
71203032160,NORRONA,outlet,trollveggen,NORRONA > trollveggen
71201205230,NORRONA,outlet,tamok,NORRONA > tamok
1700000671,PLUS ONE WORKS,regular,koval,PLUS ONE WORKS > koval
71522311140,SAIL RACING,outlet,race,SAIL RACING > race
1030041120,HESTRA,regular,topo,HESTRA > topo
1000305920,HESTRA,regular,army,HESTRA > army
71201206190,NORRONA,outlet,tamok,NORRONA > tamok
71203411230,NORRONA,outlet,cotton,NORRONA > cotton
1034006600,HESTRA,regular,wakayama,HESTRA > wakayama
1700000680,PLUS ONE WORKS,regular,no,PLUS ONE WORKS > no
1034006610,HESTRA,regular,wakayama,HESTRA > wakayama
71201206230,NORRONA,outlet,tamok,NORRONA > tamok
71203417180,NORRONA,outlet,highloft,NORRONA > highloft
71203417210,NORRONA,outlet,cotton,NORRONA > cotton
1034007200,HESTRA,regular,gauntlet,HESTRA > gauntlet
1060009810,HESTRA,regular,expedition,HESTRA > expedition
1401068170,ACLIMA,regular,lightwool,ACLIMA > lightwool
71308000590,HOUDINI,outlet,rollercoaster,HOUDINI > rollercoaster
71203427240,NORRONA,outlet,five,NORRONA > five
71203444240,NORRONA,outlet,norrona,NORRONA > norrona
71203540250,NORRONA,outlet,warm3,NORRONA > warm3
71030036200,HESTRA,outlet,czone,HESTRA > czone
1308300110,HOUDINI,regular,pace,HOUDINI > pace
1100101800,POC,regular,skull,POC > skull
1308300120,HOUDINI,regular,pace,HOUDINI > pace
71308400400,HOUDINI,outlet,desoli,HOUDINI > desoli
71401016900,ACLIMA,outlet,designwool,ACLIMA > designwool
71308400440,HOUDINI,outlet,tree,HOUDINI > tree
1700000700,PLUS ONE WORKS,regular,buttondown,PLUS ONE WORKS > buttondown
71204201240,NORRONA,outlet,skibotn,NORRONA > skibotn
1060010610,HESTRA,regular,isvik,HESTRA > isvik
1700000730,PLUS ONE WORKS,regular,monster,PLUS ONE WORKS > monster
1700000740,PLUS ONE WORKS,regular,relax,PLUS ONE WORKS > relax
71401017020,ACLIMA,outlet,warmwool,ACLIMA > warmwool
1700000800,PLUS ONE WORKS,unavailable,pu,PLUS ONE WORKS > pu
71308400450,HOUDINI,outlet,tree,HOUDINI > tree
71308400460,HOUDINI,outlet,tree,HOUDINI > tree
71201203190,NORRONA,outlet,tamok,NORRONA > tamok
71204205240,NORRONA,outlet,skibotn,NORRONA > skibotn
1000308300,HESTRA,regular,ergo,HESTRA > ergo
71308400470,HOUDINI,outlet,tree,HOUDINI > tree
1700000830,PLUS ONE WORKS,regular,pu,PLUS ONE WORKS > pu
1060026600,HESTRA,regular,raggwool,HESTRA > raggwool
71308000600,HOUDINI,outlet,rollercoaster,HOUDINI > rollercoaster
1700000840,PLUS ONE WORKS,regular,pu,PLUS ONE WORKS > pu
71204207241,NORRONA,outlet,skibotn,NORRONA > skibotn
71204208240,NORRONA,outlet,skibotn,NORRONA > skibotn
71205805240,NORRONA,outlet,senja,NORRONA > senja
1060026700,HESTRA,regular,raggwool,HESTRA > raggwool
1308300180,HOUDINI,regular,power,HOUDINI > power
71522116070,SAIL RACING,outlet,merino,SAIL RACING > merino
1401068200,ACLIMA,regular,lightwool,ACLIMA > lightwool
71201207230,NORRONA,outlet,tamok,NORRONA > tamok
71401017040,ACLIMA,outlet,warmwool,ACLIMA > warmwool
1401068230,ACLIMA,regular,lightwool,ACLIMA > lightwool
1100100400,POC,regular,elicit,POC > elicit
71401017050,ACLIMA,outlet,warmwool,ACLIMA > warmwool
1401068240,ACLIMA,regular,lightwool,ACLIMA > lightwool
71522112020,SAIL RACING,outlet,spray,SAIL RACING > spray
1100106120,POC,regular,tempor,POC > tempor
71401017110,ACLIMA,outlet,warmwool,ACLIMA > warmwool
1700000860,PLUS ONE WORKS,regular,relax,PLUS ONE WORKS > relax
1401081540,ACLIMA,regular,lightwool,ACLIMA > lightwool
71204208241,NORRONA,outlet,skibotn,NORRONA > skibotn
1700000880,PLUS ONE WORKS,regular,washi,PLUS ONE WORKS > washi
1030019700,HESTRA,regular,couloir,HESTRA > couloir
71204813210,NORRONA,outlet,oslo,NORRONA > oslo
71308400480,HOUDINI,outlet,tree,HOUDINI > tree
1700000890,PLUS ONE WORKS,regular,pu2logo,PLUS ONE WORKS > pu2logo
1401073620,ACLIMA,regular,norwegian,ACLIMA > norwegian
1401073700,ACLIMA,regular,warmwool,ACLIMA > warmwool
1308300190,HOUDINI,regular,power,HOUDINI > power
71308400520,HOUDINI,outlet,pace,HOUDINI > pace
1306006840,HOUDINI,regular,puffy,HOUDINI > puffy
1308300350,HOUDINI,regular,alto,HOUDINI > alto
1700000900,PLUS ONE WORKS,regular,pu,PLUS ONE WORKS > pu
71201208230,NORRONA,outlet,tamok,NORRONA > tamok
71522117060,SAIL RACING,regular,spray,SAIL RACING > spray
71205209220,NORRONA,outlet,femund,NORRONA > femund
71401017150,ACLIMA,outlet,warmwool,ACLIMA > warmwool
71401017220,ACLIMA,outlet,lars,ACLIMA > lars
71401017310,ACLIMA,outlet,warmwool,ACLIMA > warmwool
1401073710,ACLIMA,regular,warmwool,ACLIMA > warmwool
1401017130,ACLIMA,regular,warmwool,ACLIMA > warmwool
71205226230,NORRONA,outlet,light,NORRONA > light
71205229230,NORRONA,outlet,mid,NORRONA > mid
1401080970,ACLIMA,regular,woolnet,ACLIMA > woolnet
71205241220,NORRONA,outlet,norrona,NORRONA > norrona
1100101080,POC,regular,obex,POC > obex
1105234600,POC,regular,motion,POC > motion
71308400580,HOUDINI,outlet,pace,HOUDINI > pace
1100110600,POC,regular,devour,POC > devour
71100101800,POC,outlet,skull,POC > skull
71308100530,HOUDINI,outlet,heyday,HOUDINI > heyday
1308300360,HOUDINI,regular,aero,HOUDINI > aero
71401017360,ACLIMA,outlet,warmwool,ACLIMA > warmwool
1100101170,POC,regular,obex,POC > obex
71308400590,HOUDINI,outlet,pace,HOUDINI > pace
1030027010,HESTRA,regular,heater,HESTRA > heater
71308100460,HOUDINI,outlet,ride,HOUDINI > ride
1401080980,ACLIMA,regular,woolnet,ACLIMA > woolnet
1000308500,HESTRA,regular,ergo,HESTRA > ergo
1700000920,PLUS ONE WORKS,regular,gin,PLUS ONE WORKS > gin
1100101190,POC,regular,obex,POC > obex
71522317100,SAIL RACING,regular,spray,SAIL RACING > spray
71308600310,HOUDINI,outlet,more,HOUDINI > more
1105275800,POC,regular,mantle,POC > mantle
1105290500,POC,regular,reform,POC > reform
71205805241,NORRONA,outlet,senja,NORRONA > senja
1308300370,HOUDINI,regular,aero,HOUDINI > aero
1105702700,POC,regular,layer,POC > layer
71401017640,ACLIMA,outlet,lightwool,ACLIMA > lightwool
1105290600,POC,regular,reform,POC > reform
1308300400,HOUDINI,regular,aero,HOUDINI > aero
71308000610,HOUDINI,outlet,rollercoaster,HOUDINI > rollercoaster
1105703200,POC,regular,layer,POC > layer
1100200130,POC,regular,elicit,POC > elicit
71308400610,HOUDINI,outlet,pace,HOUDINI > pace
71100101850,POC,outlet,skull,POC > skull
1401017140,ACLIMA,regular,warmwool,ACLIMA > warmwool
71100251320,POC,outlet,ultra,POC > ultra
71308400620,HOUDINI,outlet,pace,HOUDINI > pace
1308300410,HOUDINI,regular,aero,HOUDINI > aero
71201219190,NORRONA,outlet,tamok,NORRONA > tamok
71205806230,NORRONA,outlet,senja,NORRONA > senja
1308300460,HOUDINI,regular,pace,HOUDINI > pace
1401080990,ACLIMA,regular,woolnet,ACLIMA > woolnet
1308300470,HOUDINI,regular,pace,HOUDINI > pace
71205806240,NORRONA,outlet,senja,NORRONA > senja
71308400630,HOUDINI,outlet,pace,HOUDINI > pace
1100101210,POC,regular,devour,POC > devour
1401081000,ACLIMA,regular,woolnet,ACLIMA > woolnet
1100101400,POC,regular,devour,POC > devour
1308300560,HOUDINI,regular,boxer,HOUDINI > boxer
1700000930,PLUS ONE WORKS,regular,pu,PLUS ONE WORKS > pu
1100101810,POC,regular,skull,POC > skull
71308400650,HOUDINI,outlet,tree,HOUDINI > tree
1401081030,ACLIMA,regular,reborn,ACLIMA > reborn
1308300570,HOUDINI,regular,boxer,HOUDINI > boxer
1100101820,POC,regular,skull,POC > skull
1105107200,POC,regular,race,POC > race
1401081040,ACLIMA,regular,reborn,ACLIMA > reborn
71308400660,HOUDINI,outlet,tree,HOUDINI > tree
1308300600,HOUDINI,regular,lykan,HOUDINI > lykan
71205807230,NORRONA,outlet,senja,NORRONA > senja
71308400670,HOUDINI,outlet,pace,HOUDINI > pace
1308300610,HOUDINI,regular,lykan,HOUDINI > lykan
71522112700,SAIL RACING,outlet,merino,SAIL RACING > merino
71205809230,NORRONA,outlet,senja,NORRONA > senja
1401081050,ACLIMA,regular,reborn,ACLIMA > reborn
71308400680,HOUDINI,outlet,pace,HOUDINI > pace
1308300620,HOUDINI,regular,power,HOUDINI > power
71205819230,NORRONA,outlet,senja,NORRONA > senja
71308200040,HOUDINI,outlet,desoli,HOUDINI > desoli
71205810251,NORRONA,outlet,senja,NORRONA > senja
1100201220,POC,regular,aspire,POC > aspire
1308300630,HOUDINI,regular,power,HOUDINI > power
1700000940,PLUS ONE WORKS,regular,pu,PLUS ONE WORKS > pu
71205820230,NORRONA,outlet,senja,NORRONA > senja
1401081060,ACLIMA,regular,reborn,ACLIMA > reborn
71100510640,POC,outlet,coalesce,POC > coalesce
1105292900,POC,regular,motion,POC > motion
71205817230,NORRONA,outlet,senja,NORRONA > senja
71308400690,HOUDINI,outlet,pace,HOUDINI > pace
71522315010,SAIL RACING,outlet,bowman,SAIL RACING > bowman
71205821230,NORRONA,outlet,senja,NORRONA > senja
71308400970,HOUDINI,outlet,cover,HOUDINI > cover
71205823230,NORRONA,outlet,senja,NORRONA > senja
71205824230,NORRONA,outlet,senja,NORRONA > senja
1308300670,HOUDINI,regular,power,HOUDINI > power
71205825230,NORRONA,outlet,senja,NORRONA > senja
1522112060,SAIL RACING,regular,spray,SAIL RACING > spray
71205826231,NORRONA,outlet,senja,NORRONA > senja
1401084480,ACLIMA,regular,reborn,ACLIMA > reborn
1105702500,POC,regular,layer,POC > layer
71521312040,SAIL RACING,outlet,race,SAIL RACING > race
71205827231,NORRONA,outlet,senja,NORRONA > senja
1100203890,POC,regular,oseus,POC > oseus
1100204500,POC,regular,spine,POC > spine
71522315200,SAIL RACING,outlet,bowman,SAIL RACING > bowman
1700000960,PLUS ONE WORKS,regular,pu,PLUS ONE WORKS > pu
1106005000,POC,regular,poc,POC > poc
1100204600,POC,regular,spine,POC > spine
1308300680,HOUDINI,regular,power,HOUDINI > power
71205828231,NORRONA,outlet,senja,NORRONA > senja
1106430800,POC,regular,layer,POC > layer
1401084490,ACLIMA,regular,warmwool,ACLIMA > warmwool
1308300770,HOUDINI,regular,power,HOUDINI > power
71205832250,NORRONA,outlet,senja,NORRONA > senja
71308400980,HOUDINI,outlet,cover,HOUDINI > cover
1106431100,POC,regular,poc,POC > poc
1401084500,ACLIMA,regular,warmwool,ACLIMA > warmwool
1105822500,POC,regular,cadence,POC > cadence
71205822230,NORRONA,outlet,senja,NORRONA > senja
71308000620,HOUDINI,outlet,rollercoaster,HOUDINI > rollercoaster
1105822600,POC,regular,cadence,POC > cadence
1308300780,HOUDINI,regular,power,HOUDINI > power
71100642660,POC,outlet,roam,POC > roam
1700000970,PLUS ONE WORKS,regular,pu,PLUS ONE WORKS > pu
71100642700,POC,outlet,poc,POC > poc
71308500010,HOUDINI,outlet,c9,HOUDINI > c9
71100701200,POC,regular,want,POC > want
1106431200,POC,regular,poc,POC > poc
1401084520,ACLIMA,regular,warmwool,ACLIMA > warmwool
71301010740,HOUDINI,outlet,sleepwalker,HOUDINI > sleepwalker
1700000980,PLUS ONE WORKS,regular,pu,PLUS ONE WORKS > pu
1401084810,ACLIMA,regular,fleecewool,ACLIMA > fleecewool
1308400040,HOUDINI,regular,the,HOUDINI > the
1308400310,HOUDINI,regular,alto,HOUDINI > alto
1700001000,PLUS ONE WORKS,regular,pu,PLUS ONE WORKS > pu
1106431300,POC,regular,poc,POC > poc
1700001010,PLUS ONE WORKS,regular,pu,PLUS ONE WORKS > pu
71101001000,POC,outlet,propel,POC > propel
71308500020,HOUDINI,outlet,power,HOUDINI > power
71100642650,POC,outlet,urbane,POC > urbane
71308500060,HOUDINI,outlet,desoli,HOUDINI > desoli
71308500080,HOUDINI,outlet,big,HOUDINI > big
71522325120,SAIL RACING,outlet,w,SAIL RACING > w
71101010300,POC,unavailable,obex,POC > obex
1106431400,POC,regular,poc,POC > poc
71308500090,HOUDINI,outlet,brisk,HOUDINI > brisk
71308500190,HOUDINI,outlet,ftn,HOUDINI > ftn
71308500200,HOUDINI,outlet,ftn,HOUDINI > ftn
71308500280,HOUDINI,outlet,double,HOUDINI > double
1106431800,POC,regular,poc,POC > poc
71301069440,HOUDINI,outlet,the,HOUDINI > the
1308400450,HOUDINI,regular,tree,HOUDINI > tree
1030028500,HESTRA,regular,storm,HESTRA > storm
71308500330,HOUDINI,outlet,moonwalk,HOUDINI > moonwalk
1106516100,POC,regular,race,POC > race
1700001040,PLUS ONE WORKS,regular,lumberjack,PLUS ONE WORKS > lumberjack
1401016520,ACLIMA,regular,lightwool,ACLIMA > lightwool
1401095120,ACLIMA,regular,lightwool,ACLIMA > lightwool
71301202340,HOUDINI,outlet,alto,HOUDINI > alto
1308400480,HOUDINI,regular,tree,HOUDINI > tree
1106516300,POC,regular,cadence,POC > cadence
1308400510,HOUDINI,regular,pace,HOUDINI > pace
71401017740,ACLIMA,outlet,warmwool,ACLIMA > warmwool
71101052100,POC,outlet,kortal,POC > kortal
1308400630,HOUDINI,regular,pace,HOUDINI > pace
1308400640,HOUDINI,regular,pace,HOUDINI > pace
71308500340,HOUDINI,outlet,aero,HOUDINI > aero
71101053000,POC,outlet,otocon,POC > otocon
71201814240,NORRONA,outlet,falketind,NORRONA > falketind
71401017750,ACLIMA,outlet,lightwool,ACLIMA > lightwool
1401095140,ACLIMA,regular,lightwool,ACLIMA > lightwool
1308400650,HOUDINI,regular,tree,HOUDINI > tree
1700001050,PLUS ONE WORKS,regular,transit,PLUS ONE WORKS > transit
1000317510,HESTRA,regular,impact,HESTRA > impact
71301259841,HOUDINI,outlet,power,HOUDINI > power
1106516400,POC,regular,cadence,POC > cadence
1308400660,HOUDINI,regular,tree,HOUDINI > tree
71401017780,ACLIMA,outlet,warmwool,ACLIMA > warmwool
1308400670,HOUDINI,regular,pace,HOUDINI > pace
1308400680,HOUDINI,regular,pace,HOUDINI > pace
71301259842,HOUDINI,outlet,power,HOUDINI > power
71301268840,HOUDINI,outlet,long,HOUDINI > long
1106516500,POC,regular,cadence,POC > cadence
71520112080,SAIL RACING,outlet,race,SAIL RACING > race
1401095150,ACLIMA,regular,lightwool,ACLIMA > lightwool
1030033510,HESTRA,regular,paw,HESTRA > paw
1030034100,HESTRA,regular,xc,HESTRA > xc
71401017860,ACLIMA,outlet,warmwool,ACLIMA > warmwool
1030034220,HESTRA,regular,expedition,HESTRA > expedition
71301281640,HOUDINI,outlet,drop,HOUDINI > drop
1401016620,ACLIMA,regular,lightwool,ACLIMA > lightwool
71308500350,HOUDINI,outlet,aero,HOUDINI > aero
1308400690,HOUDINI,regular,pace,HOUDINI > pace
71101073600,POC,outlet,pocito,POC > pocito
71101074600,POC,outlet,coron,POC > coron
1201819240,NORRONA,regular,falketind,NORRONA > falketind
1308400700,HOUDINI,regular,pace,HOUDINI > pace
71308500410,HOUDINI,outlet,power,HOUDINI > power
71308500420,HOUDINI,outlet,power,HOUDINI > power
71301296640,HOUDINI,outlet,outright,HOUDINI > outright
1700001060,PLUS ONE WORKS,regular,transit,PLUS ONE WORKS > transit
1308400790,HOUDINI,regular,puremerino,HOUDINI > puremerino
1106516900,POC,regular,motion,POC > motion
1107040900,POC,regular,levator,POC > levator
71301300540,HOUDINI,outlet,activist,HOUDINI > activist
71308500430,HOUDINI,outlet,power,HOUDINI > power
71308500450,HOUDINI,outlet,houdini,HOUDINI > houdini
1106431700,POC,regular,poc,POC > poc
71301309540,HOUDINI,outlet,tree,HOUDINI > tree
71308400390,HOUDINI,outlet,desoli,HOUDINI > desoli
1308400810,HOUDINI,regular,puremerino,HOUDINI > puremerino
1401095190,ACLIMA,regular,lightwool,ACLIMA > lightwool
1201006250,NORRONA,regular,lofoten,NORRONA > lofoten
1308400820,HOUDINI,regular,puremerino,HOUDINI > puremerino
71308600060,HOUDINI,outlet,skort,HOUDINI > skort
1106431900,POC,regular,poc,POC > poc
71201217230,NORRONA,outlet,tamok,NORRONA > tamok
71308000940,HOUDINI,outlet,shelter,HOUDINI > shelter
1700001070,PLUS ONE WORKS,regular,baggage,PLUS ONE WORKS > baggage
1000308720,HESTRA,regular,3finger,HESTRA > 3finger
1201007250,NORRONA,regular,lofoten,NORRONA > lofoten
71102002200,POC,outlet,spine,POC > spine
71401032980,ACLIMA,outlet,warmwool,ACLIMA > warmwool
71101090300,POC,outlet,cytal,POC > cytal
71301485140,HOUDINI,outlet,fall,HOUDINI > fall
71301510040,HOUDINI,outlet,desoli,HOUDINI > desoli
71201221190,NORRONA,outlet,tamok,NORRONA > tamok
1308400850,HOUDINI,regular,puremerino,HOUDINI > puremerino
71102009500,POC,outlet,race,POC > race
71100203230,POC,outlet,spine,POC > spine
71102009600,POC,outlet,race,POC > race
71102017200,POC,outlet,shins,POC > shins
1201008250,NORRONA,regular,lofoten,NORRONA > lofoten
71102032800,POC,outlet,vpd,POC > vpd
71401027100,ACLIMA,outlet,designwool,ACLIMA > designwool
71301584140,HOUDINI,outlet,desoli,HOUDINI > desoli
1308400860,HOUDINI,regular,puremerino,HOUDINI > puremerino
71102037700,POC,outlet,joint,POC > joint
1700000770,PLUS ONE WORKS,regular,lightwool,PLUS ONE WORKS > lightwool
71308600090,HOUDINI,outlet,tree,HOUDINI > tree
71102039500,POC,outlet,vpd,POC > vpd
71308600100,HOUDINI,outlet,tree,HOUDINI > tree
71102043000,POC,outlet,joint,POC > joint
1201009250,NORRONA,regular,lofoten,NORRONA > lofoten
71102044000,POC,outlet,joint,POC > joint
71102045000,POC,outlet,spine,POC > spine
1201021240,NORRONA,regular,lofoten,NORRONA > lofoten
1401095200,ACLIMA,regular,lightwool,ACLIMA > lightwool
1308500060,HOUDINI,regular,desoli,HOUDINI > desoli
71525115020,SAIL RACING,outlet,cyclone,SAIL RACING > cyclone
1030036610,HESTRA,regular,kiruna,HESTRA > kiruna
71102051000,POC,outlet,vpd,POC > vpd
1308500080,HOUDINI,regular,big,HOUDINI > big
1030036700,HESTRA,regular,xc,HESTRA > xc
1201022240,NORRONA,regular,lofoten,NORRONA > lofoten
1308500090,HOUDINI,regular,brisk,HOUDINI > brisk
1700000780,PLUS ONE WORKS,regular,lightwool,PLUS ONE WORKS > lightwool
71102062000,POC,outlet,spine,POC > spine
1401095240,ACLIMA,regular,reborn,ACLIMA > reborn
1201023240,NORRONA,regular,lofoten,NORRONA > lofoten
71102513400,POC,outlet,ultra,POC > ultra
71401031570,ACLIMA,outlet,lightwool,ACLIMA > lightwool
1401099140,ACLIMA,regular,woolnet,ACLIMA > woolnet
1308500190,HOUDINI,regular,ftn,HOUDINI > ftn
1401099190,ACLIMA,regular,warmwool,ACLIMA > warmwool
1308500280,HOUDINI,regular,double,HOUDINI > double
1000311900,HESTRA,regular,ergo,HESTRA > ergo
1201024240,NORRONA,regular,lofoten,NORRONA > lofoten
71308600110,HOUDINI,outlet,tree,HOUDINI > tree
1308500310,HOUDINI,regular,desoli,HOUDINI > desoli
71308600150,HOUDINI,outlet,pace,HOUDINI > pace
71308000950,HOUDINI,outlet,all,HOUDINI > all
1308500320,HOUDINI,regular,pace,HOUDINI > pace
1201025240,NORRONA,regular,lofoten,NORRONA > lofoten
1308500330,HOUDINI,regular,moonwalk,HOUDINI > moonwalk
1401017740,ACLIMA,regular,classic,ACLIMA > classic
1000312200,HESTRA,regular,highland,HESTRA > highland
1308500340,HOUDINI,regular,aero,HOUDINI > aero
1201026240,NORRONA,regular,lofoten,NORRONA > lofoten
71301586940,HOUDINI,outlet,cover,HOUDINI > cover
71401034890,ACLIMA,outlet,explorer,ACLIMA > explorer
1201046200,NORRONA,regular,flex1,NORRONA > flex1
1201083250,NORRONA,regular,lofoten,NORRONA > lofoten
1000312210,HESTRA,regular,highland,HESTRA > highland
1401099220,ACLIMA,regular,flat,ACLIMA > flat
71201225240,NORRONA,outlet,tamok,NORRONA > tamok
1201090250,NORRONA,regular,lofoten,NORRONA > lofoten
1201091250,NORRONA,regular,lofoten,NORRONA > lofoten
1308500410,HOUDINI,regular,power,HOUDINI > power
71308600160,HOUDINI,outlet,pace,HOUDINI > pace
1700001080,PLUS ONE WORKS,regular,lounge,PLUS ONE WORKS > lounge
1201606240,NORRONA,regular,trollveggen,NORRONA > trollveggen
1201606250,NORRONA,regular,trollveggen,NORRONA > trollveggen
1201680250,NORRONA,regular,trollveggen,NORRONA > trollveggen
71201226240,NORRONA,outlet,tamok,NORRONA > tamok
1201681250,NORRONA,regular,trollveggen,NORRONA > trollveggen
1201682250,NORRONA,regular,trollveggen,NORRONA > trollveggen
71201826240,NORRONA,outlet,falketind,NORRONA > falketind
1201683250,NORRONA,regular,trollveggen,NORRONA > trollveggen
1401017890,ACLIMA,regular,warmwool,ACLIMA > warmwool
71301597840,HOUDINI,outlet,weather,HOUDINI > weather
1401017900,ACLIMA,regular,doublewool,ACLIMA > doublewool
1201684250,NORRONA,regular,trollveggen,NORRONA > trollveggen
1308500420,HOUDINI,regular,power,HOUDINI > power
71308100060,HOUDINI,outlet,the,HOUDINI > the
1102513700,POC,regular,ultra,POC > ultra
1000315200,HESTRA,regular,voss,HESTRA > voss
71301607240,HOUDINI,outlet,wadi,HOUDINI > wadi
71525115010,SAIL RACING,outlet,wind,SAIL RACING > wind
2100000100,KANG,regular,bamboo,KANG > bamboo
1308500430,HOUDINI,regular,power,HOUDINI > power
71201229230,NORRONA,outlet,tamok,NORRONA > tamok
71308100090,HOUDINI,outlet,shelter,HOUDINI > shelter
1401102710,ACLIMA,regular,lightwool,ACLIMA > lightwool
1000325310,HESTRA,regular,gantlet,HESTRA > gantlet
1308500550,HOUDINI,regular,puremerino,HOUDINI > puremerino
1107038000,POC,regular,tectal,POC > tectal
71308100140,HOUDINI,outlet,lana,HOUDINI > lana
71308600170,HOUDINI,outlet,pace,HOUDINI > pace
1500401030,SAIL RACING,regular,reference,SAIL RACING > reference
1401102720,ACLIMA,regular,lightwool,ACLIMA > lightwool
71308600180,HOUDINI,outlet,walkabout,HOUDINI > walkabout
1308500560,HOUDINI,regular,puremerino,HOUDINI > puremerino
1500401050,SAIL RACING,regular,reference,SAIL RACING > reference
71308100210,HOUDINI,outlet,five,HOUDINI > five
71308100220,HOUDINI,outlet,five,HOUDINI > five
1201801240,NORRONA,regular,falketind,NORRONA > falketind
1201001240,NORRONA,regular,lofoten,NORRONA > lofoten
71105108000,POC,outlet,loft,POC > loft
71105108100,POC,outlet,loft,POC > loft
71308100260,HOUDINI,outlet,puff,HOUDINI > puff
1401102730,ACLIMA,regular,lightwool,ACLIMA > lightwool
1201809220,NORRONA,regular,falketind,NORRONA > falketind
71201230230,NORRONA,outlet,tamok,NORRONA > tamok
71201605220,NORRONA,outlet,trollveggen,NORRONA > trollveggen
2100000110,KANG,regular,bamboo,KANG > bamboo
71201613230,NORRONA,outlet,trollveggen,NORRONA > trollveggen
1000315210,HESTRA,regular,voss,HESTRA > voss
71105231400,POC,outlet,signal,POC > signal
71201614240,NORRONA,outlet,trollveggen,NORRONA > trollveggen
71301608540,HOUDINI,outlet,wadi,HOUDINI > wadi
71030027000,HESTRA,outlet,heater,HESTRA > heater
71105231500,POC,outlet,pro,POC > pro
71201618240,NORRONA,outlet,trollveggen,NORRONA > trollveggen
1308600090,HOUDINI,regular,tree,HOUDINI > tree
71201627220,NORRONA,outlet,trollveggen,NORRONA > trollveggen
71301697940,HOUDINI,outlet,route,HOUDINI > route
71401017410,ACLIMA,regular,warmwool,ACLIMA > warmwool
1201810200,NORRONA,regular,falketind,NORRONA > falketind
1201810220,NORRONA,regular,falketind,NORRONA > falketind
1500406010,SAIL RACING,regular,reference,SAIL RACING > reference
71308600190,HOUDINI,outlet,pace,HOUDINI > pace
1000316500,HESTRA,regular,powder,HESTRA > powder
1201813200,NORRONA,regular,falketind,NORRONA > falketind
1201827240,NORRONA,regular,falketind,NORRONA > falketind
1201834240,NORRONA,regular,falketind,NORRONA > falketind
1308600100,HOUDINI,regular,tree,HOUDINI > tree
1205234260,NORRONA,regular,norrona,NORRONA > norrona
1308600180,HOUDINI,regular,walkabout,HOUDINI > walkabout
1201838240,NORRONA,regular,falketind,NORRONA > falketind
71308600200,HOUDINI,outlet,pace,HOUDINI > pace
71105232700,POC,outlet,rove,POC > rove
1401102740,ACLIMA,regular,lightwool,ACLIMA > lightwool
71308100290,HOUDINI,outlet,ride,HOUDINI > ride
71308600210,HOUDINI,outlet,pace,HOUDINI > pace
1500406020,SAIL RACING,regular,reference,SAIL RACING > reference
1308600460,HOUDINI,regular,tree,HOUDINI > tree
71301698040,HOUDINI,outlet,dawn,HOUDINI > dawn
71301700140,HOUDINI,outlet,wander,HOUDINI > wander
1308600470,HOUDINI,regular,tree,HOUDINI > tree
71201682250,NORRONA,outlet,trollveggen,NORRONA > trollveggen
71301700240,HOUDINI,outlet,wander,HOUDINI > wander
1201861200,NORRONA,regular,falketind,NORRONA > falketind
71105233800,POC,outlet,air,POC > air
1000316520,HESTRA,regular,powder,HESTRA > powder
71201802241,NORRONA,outlet,falketind,NORRONA > falketind
1000317410,HESTRA,regular,impact,HESTRA > impact
1201885250,NORRONA,regular,falketind,NORRONA > falketind
1201886250,NORRONA,regular,falketind,NORRONA > falketind
1000317500,HESTRA,regular,impact,HESTRA > impact
71105233900,POC,outlet,air,POC > air
71401034910,ACLIMA,outlet,warmwool,ACLIMA > warmwool
71105234000,POC,outlet,air,POC > air
71308600260,HOUDINI,outlet,go,HOUDINI > go
71308400490,HOUDINI,outlet,tree,HOUDINI > tree
71301908440,HOUDINI,outlet,motion,HOUDINI > motion
71105234200,POC,outlet,raceday,POC > raceday
1201887250,NORRONA,regular,falketind,NORRONA > falketind
1308600510,HOUDINI,regular,tree,HOUDINI > tree
1308600600,HOUDINI,regular,symbio,HOUDINI > symbio
71201809220,NORRONA,outlet,falketind,NORRONA > falketind
2100000160,KANG,regular,recycled,KANG > recycled
71401039760,ACLIMA,outlet,ankle,ACLIMA > ankle
1401117630,ACLIMA,regular,liner,ACLIMA > liner
1201019240,NORRONA,regular,lofoten,NORRONA > lofoten
1500401010,SAIL RACING,regular,reference,SAIL RACING > reference
1201891250,NORRONA,regular,falketind,NORRONA > falketind
7100000040,KANG,outlet,flax,KANG > flax
71105234600,POC,outlet,motion,POC > motion
71201890250,NORRONA,outlet,falketind,NORRONA > falketind
1500401060,SAIL RACING,regular,reference,SAIL RACING > reference
1500401220,SAIL RACING,regular,reference,SAIL RACING > reference
1500407010,SAIL RACING,regular,reference,SAIL RACING > reference
71201891250,NORRONA,outlet,falketind,NORRONA > falketind
71401039770,ACLIMA,outlet,lightwool,ACLIMA > lightwool
1201891260,NORRONA,regular,falketind,NORRONA > falketind
71523115010,SAIL RACING,outlet,race,SAIL RACING > race
71401039790,ACLIMA,outlet,warmwool,ACLIMA > warmwool
71401039810,ACLIMA,outlet,warmwool,ACLIMA > warmwool
7100000050,KANG,outlet,telescopic,KANG > telescopic
1500401260,SAIL RACING,regular,sr80,SAIL RACING > sr80
1201892250,NORRONA,regular,falketind,NORRONA > falketind
71000202800,HESTRA,outlet,deerskin,HESTRA > deerskin
71302202340,HOUDINI,outlet,alto,HOUDINI > alto
71401039830,ACLIMA,outlet,warmwool,ACLIMA > warmwool
1500406040,SAIL RACING,regular,reference,SAIL RACING > reference
71201810220,NORRONA,outlet,falketind,NORRONA > falketind
71401039910,ACLIMA,outlet,xcountry,ACLIMA > xcountry
1201892260,NORRONA,regular,falketind,NORRONA > falketind
1500406050,SAIL RACING,regular,reference,SAIL RACING > reference
71301907940,HOUDINI,outlet,dock,HOUDINI > dock
71401039930,ACLIMA,outlet,lars,ACLIMA > lars
71308100300,HOUDINI,outlet,ride,HOUDINI > ride
1308600610,HOUDINI,regular,liquid,HOUDINI > liquid
71201810230,NORRONA,outlet,falketind,NORRONA > falketind
1000319100,HESTRA,regular,omni,HESTRA > omni
1522115020,SAIL RACING,regular,bowman,SAIL RACING > bowman
71201811220,NORRONA,outlet,falketind,NORRONA > falketind
71301908640,HOUDINI,outlet,dock,HOUDINI > dock
1522117100,SAIL RACING,regular,reference,SAIL RACING > reference
1000321100,HESTRA,regular,czone,HESTRA > czone
1522117110,SAIL RACING,regular,reference,SAIL RACING > reference
71105276700,POC,outlet,essential,POC > essential
71308100340,HOUDINI,outlet,ride,HOUDINI > ride
1201895260,NORRONA,regular,falketind,NORRONA > falketind
71201811230,NORRONA,outlet,falketind,NORRONA > falketind
1000321400,HESTRA,regular,ergo,HESTRA > ergo
1522315010,SAIL RACING,regular,bowman,SAIL RACING > bowman
1308600620,HOUDINI,regular,liquid,HOUDINI > liquid
1522315020,SAIL RACING,regular,bowman,SAIL RACING > bowman
71105283500,POC,outlet,essential,POC > essential
1000325300,HESTRA,regular,gauntlet,HESTRA > gauntlet
1523112030,SAIL RACING,regular,spray,SAIL RACING > spray
71201812220,NORRONA,outlet,falketind,NORRONA > falketind
1201896260,NORRONA,regular,falketind,NORRONA > falketind
71401040350,ACLIMA,outlet,warmwool,ACLIMA > warmwool
71105283900,POC,outlet,essential,POC > essential
1308600630,HOUDINI,regular,liquid,HOUDINI > liquid
71201813200,NORRONA,outlet,falketind,NORRONA > falketind
71401040780,ACLIMA,outlet,warmwool,ACLIMA > warmwool
1201897260,NORRONA,regular,falketind,NORRONA > falketind
1308600640,HOUDINI,regular,liquid,HOUDINI > liquid
71105284700,POC,outlet,infinite,POC > infinite
1523115060,SAIL RACING,regular,race,SAIL RACING > race
71401042980,ACLIMA,outlet,flexwool,ACLIMA > flexwool
71308100350,HOUDINI,outlet,ride,HOUDINI > ride
71308400640,HOUDINI,outlet,pace,HOUDINI > pace
71308100380,HOUDINI,outlet,one,HOUDINI > one
71401046750,ACLIMA,outlet,lightwool,ACLIMA > lightwool
71302207140,HOUDINI,outlet,mono,HOUDINI > mono
1201898260,NORRONA,regular,falketind,NORRONA > falketind
71105285700,POC,outlet,essential,POC > essential
1308600650,HOUDINI,regular,corespun,HOUDINI > corespun
71308100390,HOUDINI,outlet,one,HOUDINI > one
71308100440,HOUDINI,outlet,ride,HOUDINI > ride
71201815200,NORRONA,outlet,falketind,NORRONA > falketind
71308100470,HOUDINI,outlet,ride,HOUDINI > ride
71401046880,ACLIMA,outlet,lightwool,ACLIMA > lightwool
71201815220,NORRONA,outlet,falketind,NORRONA > falketind
1308600660,HOUDINI,regular,corespun,HOUDINI > corespun
1000325320,HESTRA,regular,gantlet,HESTRA > gantlet
71201816220,NORRONA,outlet,falketind,NORRONA > falketind
1100510650,POC,regular,coalesce,POC > coalesce
1201950250,NORRONA,regular,falketind,NORRONA > falketind
1308600680,HOUDINI,regular,route,HOUDINI > route
71201819240,NORRONA,outlet,falketind,NORRONA > falketind
71308100580,HOUDINI,outlet,pace,HOUDINI > pace
1308600700,HOUDINI,regular,cosmo,HOUDINI > cosmo
1308600710,HOUDINI,regular,cosmo,HOUDINI > cosmo
1201030250,NORRONA,regular,lofoten,NORRONA > lofoten
71308100590,HOUDINI,outlet,pace,HOUDINI > pace
71302259841,HOUDINI,outlet,power,HOUDINI > power
71401047450,ACLIMA,outlet,lightwool,ACLIMA > lightwool
1100510840,POC,regular,race,POC > race
1201031250,NORRONA,regular,lofoten,NORRONA > lofoten
71105290200,POC,outlet,recycle,POC > recycle
1000329500,HESTRA,regular,ergo,HESTRA > ergo
1100527760,POC,regular,essential,POC > essential
1201046250,NORRONA,regular,lofoten,NORRONA > lofoten
71201820240,NORRONA,outlet,falketind,NORRONA > falketind
1520117110,SAIL RACING,regular,race,SAIL RACING > race
1201951250,NORRONA,regular,falketind,NORRONA > falketind
71201823220,NORRONA,outlet,falketind,NORRONA > falketind
71201834241,NORRONA,outlet,falketind,NORRONA > falketind
1308600720,HOUDINI,regular,liquid,HOUDINI > liquid
71308100600,HOUDINI,outlet,pace,HOUDINI > pace
71308200020,HOUDINI,outlet,dunfri,HOUDINI > dunfri
71308200030,HOUDINI,outlet,fall,HOUDINI > fall
71308200070,HOUDINI,outlet,dunfri,HOUDINI > dunfri
1201082250,NORRONA,regular,lofoten,NORRONA > lofoten
71201863201,NORRONA,outlet,falketind,NORRONA > falketind
71401055510,ACLIMA,outlet,designwool,ACLIMA > designwool
1000329900,HESTRA,regular,ferox,HESTRA > ferox
1107027700,POC,regular,super,POC > super
71201873200,NORRONA,outlet,falketind,NORRONA > falketind
71308200130,HOUDINI,outlet,dunfri,HOUDINI > dunfri
71308200140,HOUDINI,outlet,double,HOUDINI > double
71523115210,SAIL RACING,outlet,race,SAIL RACING > race
71401047720,ACLIMA,outlet,lightwool,ACLIMA > lightwool
1201952250,NORRONA,regular,falketind,NORRONA > falketind
71201885250,NORRONA,outlet,falketind,NORRONA > falketind
71308200150,HOUDINI,outlet,dunfri,HOUDINI > dunfri
1308600730,HOUDINI,regular,liquid,HOUDINI > liquid
1522111080,SAIL RACING,regular,spray,SAIL RACING > spray
71308200160,HOUDINI,outlet,double,HOUDINI > double
71401047850,ACLIMA,outlet,lightwool,ACLIMA > lightwool
1201953250,NORRONA,regular,falketind,NORRONA > falketind
71308200230,HOUDINI,outlet,dunfri,HOUDINI > dunfri
1000329910,HESTRA,regular,ferox,HESTRA > ferox
1202014240,NORRONA,regular,more,NORRONA > more
71401054600,ACLIMA,outlet,lars,ACLIMA > lars
1522112080,SAIL RACING,regular,reference,SAIL RACING > reference
1202015240,NORRONA,regular,more,NORRONA > more
1308600810,HOUDINI,regular,dock,HOUDINI > dock
71401063060,ACLIMA,outlet,flexwool,ACLIMA > flexwool
71308200240,HOUDINI,outlet,dunfri,HOUDINI > dunfri
71522117080,SAIL RACING,regular,spray,SAIL RACING > spray
71401063070,ACLIMA,outlet,flexwool,ACLIMA > flexwool
71308200270,HOUDINI,outlet,dunfri,HOUDINI > dunfri
71401063080,ACLIMA,outlet,flexwool,ACLIMA > flexwool
71401068200,ACLIMA,outlet,lightwool,ACLIMA > lightwool
1202016240,NORRONA,regular,more,NORRONA > more
1308600940,HOUDINI,regular,corespun,HOUDINI > corespun
71202205230,NORRONA,outlet,fjora,NORRONA > fjora
1202019240,NORRONA,regular,more,NORRONA > more
71522117070,SAIL RACING,regular,spray,SAIL RACING > spray
71201885251,NORRONA,outlet,falketind,NORRONA > falketind
71401068230,ACLIMA,outlet,lightwool,ACLIMA > lightwool
71401074870,ACLIMA,outlet,fleecewool,ACLIMA > fleecewool
71308200320,HOUDINI,outlet,fall,HOUDINI > fall
1202020240,NORRONA,regular,more,NORRONA > more
71308300060,HOUDINI,outlet,outright,HOUDINI > outright
1308600960,HOUDINI,regular,tree,HOUDINI > tree
71308300070,HOUDINI,outlet,outright,HOUDINI > outright
1202021240,NORRONA,regular,more,NORRONA > more
1000351210,HESTRA,regular,moon,HESTRA > moon
71401074890,ACLIMA,outlet,fleecewool,ACLIMA > fleecewool
1202023240,NORRONA,regular,more,NORRONA > more
71401074960,ACLIMA,outlet,lars,ACLIMA > lars
1202024240,NORRONA,regular,lyngen,NORRONA > lyngen
1202025240,NORRONA,regular,lyngen,NORRONA > lyngen
71201887251,NORRONA,outlet,falketind,NORRONA > falketind
1401000000,ACLIMA,regular,woolnet,ACLIMA > woolnet
1202300260,NORRONA,regular,fjora,NORRONA > fjora
1202625240,NORRONA,regular,femund,NORRONA > femund
1401016280,ACLIMA,regular,woolnet,ACLIMA > woolnet
71201889250,NORRONA,outlet,falketind,NORRONA > falketind
1522116160,SAIL RACING,regular,reference,SAIL RACING > reference
71401073700,ACLIMA,outlet,warmwool,ACLIMA > warmwool
1000338720,HESTRA,regular,topo,HESTRA > topo
1522117070,SAIL RACING,regular,spray,SAIL RACING > spray
71308000660,HOUDINI,outlet,moonwalk,HOUDINI > moonwalk
1202640240,NORRONA,regular,femund,NORRONA > femund
1522117080,SAIL RACING,regular,spray,SAIL RACING > spray
71401084490,ACLIMA,outlet,warmwool,ACLIMA > warmwool
1700000990,PLUS ONE WORKS,regular,pu,PLUS ONE WORKS > pu
1401016300,ACLIMA,regular,woolnet,ACLIMA > woolnet
71401084500,ACLIMA,outlet,warmwool,ACLIMA > warmwool
1100701100,POC,regular,want,POC > want
1401016310,ACLIMA,regular,woolnet,ACLIMA > woolnet
71401084520,ACLIMA,outlet,warmwool,ACLIMA > warmwool
1202650250,NORRONA,regular,femund,NORRONA > femund
1401016320,ACLIMA,regular,woolnet,ACLIMA > woolnet
1202651240,NORRONA,regular,femund,NORRONA > femund
71308300110,HOUDINI,outlet,pace,HOUDINI > pace
1401016330,ACLIMA,regular,woolnet,ACLIMA > woolnet
1401016340,ACLIMA,regular,woolnet,ACLIMA > woolnet
71401074990,ACLIMA,outlet,lars,ACLIMA > lars
1100801100,POC,regular,will,POC > will
71401075010,ACLIMA,outlet,lars,ACLIMA > lars
1401016350,ACLIMA,regular,woolnet,ACLIMA > woolnet
1000342500,HESTRA,regular,windshield,HESTRA > windshield
1100801200,POC,regular,will,POC > will
1000342700,HESTRA,regular,wool,HESTRA > wool
71401084540,ACLIMA,outlet,streamwool,ACLIMA > streamwool
1202651250,NORRONA,regular,femund,NORRONA > femund
1401016360,ACLIMA,regular,woolnet,ACLIMA > woolnet
1000343700,HESTRA,regular,touch,HESTRA > touch
1000343800,HESTRA,regular,touch,HESTRA > touch
1000343900,HESTRA,regular,touch,HESTRA > touch
71401084550,ACLIMA,outlet,streamwool,ACLIMA > streamwool
1401016370,ACLIMA,regular,woolnet,ACLIMA > woolnet
71401084560,ACLIMA,outlet,streamwool,ACLIMA > streamwool
1000351110,HESTRA,regular,pull,HESTRA > pull
71308300120,HOUDINI,outlet,pace,HOUDINI > pace
1202660250,NORRONA,regular,femund,NORRONA > femund
71308300130,HOUDINI,outlet,mono,HOUDINI > mono
71202627240,NORRONA,outlet,femund,NORRONA > femund
1101021000,POC,regular,pocito,POC > pocito
1401016500,ACLIMA,regular,lightwool,ACLIMA > lightwool
1101041100,POC,regular,fornix,POC > fornix
71401084570,ACLIMA,outlet,streamwool,ACLIMA > streamwool
1000351610,HESTRA,regular,extreme,HESTRA > extreme
1202661250,NORRONA,regular,femund,NORRONA > femund
71308300180,HOUDINI,outlet,power,HOUDINI > power
1202664240,NORRONA,regular,femund,NORRONA > femund
71100642690,POC,outlet,rib,POC > rib
1401016510,ACLIMA,regular,lightwool,ACLIMA > lightwool
1401016530,ACLIMA,regular,lightwool,ACLIMA > lightwool
1202667250,NORRONA,regular,femund,NORRONA > femund
71401084580,ACLIMA,outlet,streamwool,ACLIMA > streamwool
1202668250,NORRONA,regular,femund,NORRONA > femund
71401084590,ACLIMA,outlet,streamwool,ACLIMA > streamwool
71308300190,HOUDINI,outlet,power,HOUDINI > power
71401084610,ACLIMA,outlet,woolterry,ACLIMA > woolterry
71100408910,POC,outlet,zonula,POC > zonula
1401016610,ACLIMA,regular,lightwool,ACLIMA > lightwool
1202669250,NORRONA,regular,femund,NORRONA > femund
1202679250,NORRONA,regular,femund,NORRONA > femund
71401084770,ACLIMA,outlet,fleecewool,ACLIMA > fleecewool
71401084780,ACLIMA,outlet,fleecewool,ACLIMA > fleecewool
71308300200,HOUDINI,outlet,power,HOUDINI > power
71308300210,HOUDINI,outlet,power,HOUDINI > power
1202690260,NORRONA,regular,femund,NORRONA > femund
71202633240,NORRONA,outlet,femund,NORRONA > femund
71401084790,ACLIMA,outlet,fleecewool,ACLIMA > fleecewool
71401084800,ACLIMA,outlet,fleecewool,ACLIMA > fleecewool
1202700260,NORRONA,regular,femund,NORRONA > femund
71401088630,ACLIMA,outlet,streamwool,ACLIMA > streamwool
1102512000,POC,regular,lamina,POC > lamina
1102512400,POC,regular,hip,POC > hip
1202701260,NORRONA,regular,femund,NORRONA > femund
71308500170,HOUDINI,outlet,bucket,HOUDINI > bucket
71308300280,HOUDINI,outlet,moonwalk,HOUDINI > moonwalk
1101053000,POC,regular,otocon,POC > otocon
1202702260,NORRONA,regular,femund,NORRONA > femund
71401095130,ACLIMA,outlet,lightwool,ACLIMA > lightwool
1202703260,NORRONA,regular,femund,NORRONA > femund
1202717250,NORRONA,regular,femund,NORRONA > femund
71308300300,HOUDINI,outlet,moonwalk,HOUDINI > moonwalk
71401095170,ACLIMA,outlet,lightwool,ACLIMA > lightwool
1201604250,NORRONA,regular,trollveggen,NORRONA > trollveggen
1202771250,NORRONA,regular,femund,NORRONA > femund
1202773250,NORRONA,regular,femund,NORRONA > femund
71308300320,HOUDINI,outlet,moonwalk,HOUDINI > moonwalk
71401095180,ACLIMA,outlet,lightwool,ACLIMA > lightwool
71308300330,HOUDINI,outlet,moonwalk,HOUDINI > moonwalk
1202775250,NORRONA,regular,femund,NORRONA > femund
1202778250,NORRONA,regular,femund,NORRONA > femund
71308300340,HOUDINI,outlet,alto,HOUDINI > alto
1203405240,NORRONA,regular,cotton,NORRONA > cotton
71308300350,HOUDINI,outlet,alto,HOUDINI > alto
1100104860,POC,regular,levator,POC > levator
1203411230,NORRONA,regular,cotton,NORRONA > cotton
1102016010,POC,regular,aspire,POC > aspire
1101074600,POC,regular,coron,POC > coron
1100104880,POC,regular,calyx,POC > calyx
1203414230,NORRONA,regular,cotton,NORRONA > cotton
1203420180,NORRONA,regular,flexfit,NORRONA > flexfit
71523125030,SAIL RACING,outlet,w,SAIL RACING > w
1100100900,POC,regular,elicit,POC > elicit
1100901100,POC,regular,know,POC > know
1100901200,POC,regular,know,POC > know
1100104830,POC,regular,calyx,POC > calyx
71308100450,HOUDINI,outlet,ride,HOUDINI > ride
1100701200,POC,regular,want,POC > want
71308600780,HOUDINI,outlet,dock,HOUDINI > dock
1000371300,HESTRA,regular,xc,HESTRA > xc
71401016840,ACLIMA,outlet,hotwool,ACLIMA > hotwool
1101082000,POC,regular,crane,POC > crane
1101086400,POC,regular,omne,POC > omne
1100101140,POC,regular,obex,POC > obex
1201613230,NORRONA,regular,trollveggen,NORRONA > trollveggen
1101101000,POC,regular,propel,POC > propel
1102016700,POC,regular,shins,POC > shins
1102016800,POC,regular,forearm,POC > forearm
1102017700,POC,regular,shins,POC > shins
71201627190,NORRONA,outlet,trollveggen,NORRONA > trollveggen
1102017800,POC,regular,forearm,POC > forearm
1201613240,NORRONA,regular,trollveggen,NORRONA > trollveggen
1600000260,POW,regular,multi,POW > multi
1102032800,POC,regular,vpd,POC > vpd
1102032700,POC,regular,vpd,POC > vpd
1102038100,POC,regular,oseus,POC > oseus
1102038300,POC,regular,oseus,POC > oseus
1102038700,POC,regular,synovia,POC > synovia
1102039800,POC,regular,pocito,POC > pocito
1107029000,POC,regular,ventral,POC > ventral
1102044000,POC,regular,joint,POC > joint
1102047100,POC,regular,joint,POC > joint
1102047600,POC,regular,vpd,POC > vpd
1102048200,POC,regular,vpd,POC > vpd
1102048300,POC,regular,vpd,POC > vpd
1102512200,POC,regular,column,POC > column
1102514300,POC,regular,ultra,POC > ultra
1106005300,POC,regular,poc,POC > poc
1201614240,NORRONA,regular,trollveggen,NORRONA > trollveggen
71102060000,POC,outlet,spine,POC > spine
1201615240,NORRONA,regular,trollveggen,NORRONA > trollveggen
1201617240,NORRONA,regular,trollveggen,NORRONA > trollveggen
1201616240,NORRONA,regular,trollveggen,NORRONA > trollveggen
1000340300,HESTRA,regular,wool,HESTRA > wool
1201618240,NORRONA,regular,trollveggen,NORRONA > trollveggen
1000344000,HESTRA,regular,heli,HESTRA > heli
1000344200,HESTRA,regular,patrol,HESTRA > patrol
1000350910,HESTRA,regular,expedition,HESTRA > expedition
1201685250,NORRONA,regular,trollveggen,NORRONA > trollveggen
71520317130,SAIL RACING,outlet,race,SAIL RACING > race
1201802240,NORRONA,regular,falketind,NORRONA > falketind
1401084760,ACLIMA,regular,fleecewool,ACLIMA > fleecewool
1000340700,HESTRA,regular,heli,HESTRA > heli
71308100170,HOUDINI,outlet,heyday,HOUDINI > heyday
1308500380,HOUDINI,regular,lykan,HOUDINI > lykan
1101101300,POC,regular,maxilla,POC > maxilla
1201814240,NORRONA,regular,falketind,NORRONA > falketind
1201822210,NORRONA,regular,falketind,NORRONA > falketind
1201833200,NORRONA,regular,falketind,NORRONA > falketind
71308400510,HOUDINI,outlet,pace,HOUDINI > pace
1303786740,HOUDINI,regular,hut,HOUDINI > hut
1201839240,NORRONA,regular,falketind,NORRONA > falketind
1201842240,NORRONA,regular,falketind,NORRONA > falketind
1201845240,NORRONA,regular,falketind,NORRONA > falketind
1201860200,NORRONA,regular,falketind,NORRONA > falketind
1201870200,NORRONA,regular,falketind,NORRONA > falketind
71308100520,HOUDINI,outlet,fall,HOUDINI > fall
71100251330,POC,outlet,ultra,POC > ultra
71201804230,NORRONA,outlet,falketind,NORRONA > falketind
71301310140,HOUDINI,outlet,tree,HOUDINI > tree
1100110200,POC,regular,elicit,POC > elicit
71308400240,HOUDINI,outlet,desoli,HOUDINI > desoli
71308400290,HOUDINI,outlet,desoli,HOUDINI > desoli
1202004200,NORRONA,regular,lyngen,NORRONA > lyngen
1202005200,NORRONA,regular,lyngen,NORRONA > lyngen
1202017240,NORRONA,regular,more,NORRONA > more
1202018240,NORRONA,regular,more,NORRONA > more
71308500260,HOUDINI,outlet,pace,HOUDINI > pace
71308500160,HOUDINI,outlet,lana,HOUDINI > lana
1202022240,NORRONA,regular,more,NORRONA > more
1202200250,NORRONA,regular,fjora,NORRONA > fjora
1522112090,SAIL RACING,regular,reference,SAIL RACING > reference
1202233250,NORRONA,regular,fjora,NORRONA > fjora
1202236250,NORRONA,regular,fjora,NORRONA > fjora
1202237250,NORRONA,regular,fjora,NORRONA > fjora
71301486240,HOUDINI,outlet,one,HOUDINI > one
1202630240,NORRONA,regular,femund,NORRONA > femund
1520317110,SAIL RACING,regular,race,SAIL RACING > race
71308000550,HOUDINI,outlet,pace,HOUDINI > pace
1102514200,POC,regular,ultra,POC > ultra
71308100370,HOUDINI,outlet,bff,HOUDINI > bff
1202685240,NORRONA,regular,femund,NORRONA > femund
1202716250,NORRONA,regular,femund,NORRONA > femund
1202760260,NORRONA,regular,femund,NORRONA > femund
1202761260,NORRONA,regular,femund,NORRONA > femund
1202774250,NORRONA,regular,femund,NORRONA > femund
1202777250,NORRONA,regular,femund,NORRONA > femund
1202801190,NORRONA,regular,finnskogen,NORRONA > finnskogen
1202006200,NORRONA,regular,lyngen,NORRONA > lyngen
1203417210,NORRONA,regular,cotton,NORRONA > cotton
1106430900,POC,regular,layer,POC > layer
1107006200,POC,regular,fornix,POC > fornix
1203422210,NORRONA,regular,cotton,NORRONA > cotton
1203422220,NORRONA,regular,snap,NORRONA > snap
1203423220,NORRONA,regular,flexfit,NORRONA > flexfit
1203515250,NORRONA,regular,pureull180,NORRONA > pureull180
1204208240,NORRONA,regular,skibotn,NORRONA > skibotn
1205211220,NORRONA,regular,femund,NORRONA > femund
1205216230,NORRONA,regular,light,NORRONA > light
1205802230,NORRONA,regular,senja,NORRONA > senja
1104124600,POC,regular,ora,POC > ora
1205810250,NORRONA,regular,senja,NORRONA > senja
1205815230,NORRONA,regular,senja,NORRONA > senja
1205816230,NORRONA,regular,senja,NORRONA > senja
1205825230,NORRONA,regular,senja,NORRONA > senja
1209602160,NORRONA,regular,water,NORRONA > water
1301010740,HOUDINI,regular,sleepwalker,HOUDINI > sleepwalker
1301087940,HOUDINI,regular,enfold,HOUDINI > enfold
1301300540,HOUDINI,regular,activist,HOUDINI > activist
1302300540,HOUDINI,regular,activist,HOUDINI > activist
1303702740,HOUDINI,regular,alto,HOUDINI > alto
1308100260,HOUDINI,regular,puff,HOUDINI > puff
1308100440,HOUDINI,regular,ride,HOUDINI > ride
1308100470,HOUDINI,regular,ride,HOUDINI > ride
1201816210,NORRONA,regular,falketind,NORRONA > falketind
1308200020,HOUDINI,regular,dunfri,HOUDINI > dunfri
1308200160,HOUDINI,regular,double,HOUDINI > double
1308200230,HOUDINI,regular,dunfri,HOUDINI > dunfri
1308200270,HOUDINI,regular,dunfri,HOUDINI > dunfri
1308300320,HOUDINI,regular,moonwalk,HOUDINI > moonwalk
1308300330,HOUDINI,regular,moonwalk,HOUDINI > moonwalk
1308300340,HOUDINI,regular,alto,HOUDINI > alto
1201624190,NORRONA,regular,trollveggen,NORRONA > trollveggen
1201608240,NORRONA,regular,trollveggen,NORRONA > trollveggen
1202206230,NORRONA,regular,fjora,NORRONA > fjora
1107004100,POC,regular,goggle,POC > goggle
1000917000,HESTRA,regular,leather,HESTRA > leather
1000918420,HESTRA,regular,hand,HESTRA > hand
1000918810,HESTRA,regular,hand,HESTRA > hand
1201835240,NORRONA,regular,falketind,NORRONA > falketind
1201620230,NORRONA,regular,trollveggen,NORRONA > trollveggen
1522317100,SAIL RACING,regular,spray,SAIL RACING > spray
1522317110,SAIL RACING,regular,spray,SAIL RACING > spray
1201825210,NORRONA,regular,falketind,NORRONA > falketind
1205235250,NORRONA,regular,norrona,NORRONA > norrona
1201809230,NORRONA,regular,falketind,NORRONA > falketind
1201823210,NORRONA,regular,falketind,NORRONA > falketind
1201826210,NORRONA,regular,falketind,NORRONA > falketind
1308100640,HOUDINI,regular,the,HOUDINI > the
1201804230,NORRONA,regular,falketind,NORRONA > falketind
1201861240,NORRONA,regular,falketind,NORRONA > falketind
1102512300,POC,regular,column,POC > column
1204640250,NORRONA,regular,kvinherad,NORRONA > kvinherad
1205227230,NORRONA,regular,heavy,NORRONA > heavy
1205253210,NORRONA,regular,norrona,NORRONA > norrona
1201817210,NORRONA,regular,falketind,NORRONA > falketind
1201820210,NORRONA,regular,falketind,NORRONA > falketind
1202624240,NORRONA,regular,femund,NORRONA > femund
1202691240,NORRONA,regular,femund,NORRONA > femund
1401017620,ACLIMA,regular,hotwool,ACLIMA > hotwool
71522317110,SAIL RACING,regular,spray,SAIL RACING > spray
1401017720,ACLIMA,regular,warmwool,ACLIMA > warmwool
1205209220,NORRONA,regular,femund,NORRONA > femund
1205200250,NORRONA,regular,norrona,NORRONA > norrona
1205260210,NORRONA,regular,norrona,NORRONA > norrona
1205259210,NORRONA,regular,norrona,NORRONA > norrona
1205812230,NORRONA,regular,senja,NORRONA > senja
1500401230,SAIL RACING,regular,reference,SAIL RACING > reference
1500401270,SAIL RACING,regular,sr90,SAIL RACING > sr90
1500408010,SAIL RACING,regular,reference,SAIL RACING > reference
1521111090,SAIL RACING,regular,spray,SAIL RACING > spray
1205822230,NORRONA,regular,senja,NORRONA > senja
1522117060,SAIL RACING,regular,spray,SAIL RACING > spray
1522312010,SAIL RACING,regular,spray,SAIL RACING > spray
1205801230,NORRONA,regular,senja,NORRONA > senja
1700000460,PLUS ONE WORKS,regular,pg,PLUS ONE WORKS > pg
1700000580,PLUS ONE WORKS,regular,pg,PLUS ONE WORKS > pg
2100000150,KANG,regular,recycled,KANG > recycled
1401047560,ACLIMA,regular,lightwool,ACLIMA > lightwool
1401053080,ACLIMA,regular,warmwool,ACLIMA > warmwool
1201062170,NORRONA,regular,lofoten,NORRONA > lofoten
1203480250,NORRONA,regular,warm2,NORRONA > warm2
1203424240,NORRONA,regular,warmwool2,NORRONA > warmwool2
1205817230,NORRONA,regular,senja,NORRONA > senja
71100251310,POC,outlet,ultra,POC > ultra
1201037200,NORRONA,regular,flex1,NORRONA > flex1
1209601160,NORRONA,regular,water,NORRONA > water
71101082600,POC,outlet,pocito,POC > pocito
71102019400,POC,outlet,shins,POC > shins
1201888250,NORRONA,regular,falketind,NORRONA > falketind
71105820600,POC,outlet,thermal,POC > thermal
1101103000,POC,regular,devour,POC > devour
1522317130,SAIL RACING,regular,spray,SAIL RACING > spray
1600000300,POW,regular,rera,POW > rera
1203431240,NORRONA,regular,trucker,NORRONA > trucker
1204600260,NORRONA,regular,kvinnherad,NORRONA > kvinnherad
1204604240,NORRONA,regular,kvinnherad,NORRONA > kvinnherad
1206034140,NORRONA,regular,finnskogen,NORRONA > finnskogen
71203443240,NORRONA,outlet,norrona,NORRONA > norrona
1204807240,NORRONA,regular,oslo,NORRONA > oslo
1202639240,NORRONA,regular,femund,NORRONA > femund
71205215231,NORRONA,regular,merinoull,NORRONA > merinoull
71201814241,NORRONA,outlet,falketind,NORRONA > falketind
71201801241,NORRONA,outlet,falketind,NORRONA > falketind
71201845240,NORRONA,outlet,falketind,NORRONA > falketind
71201953250,NORRONA,outlet,falketind,NORRONA > falketind
71201684250,NORRONA,outlet,trollveggen,NORRONA > trollveggen
71202660250,NORRONA,outlet,femund,NORRONA > femund
71202689241,NORRONA,outlet,femund,NORRONA > femund
71202773250,NORRONA,outlet,femund,NORRONA > femund
71202777250,NORRONA,outlet,femund,NORRONA > femund
71202771250,NORRONA,outlet,femund,NORRONA > femund
71202775250,NORRONA,outlet,femund,NORRONA > femund
71202649241,NORRONA,outlet,femund,NORRONA > femund
71202652241,NORRONA,outlet,femund,NORRONA > femund
71202680251,NORRONA,outlet,femund,NORRONA > femund
71202654241,NORRONA,outlet,femund,NORRONA > femund
71202778250,NORRONA,outlet,femund,NORRONA > femund
71202637240,NORRONA,outlet,femund,NORRONA > femund
71205211221,NORRONA,outlet,femund,NORRONA > femund
71202636240,NORRONA,outlet,femund,NORRONA > femund
71205808230,NORRONA,outlet,senja,NORRONA > senja
71202300260,NORRONA,outlet,fjora,NORRONA > fjora
71202233251,NORRONA,outlet,fjora,NORRONA > fjora
71204203241,NORRONA,outlet,skibotn,NORRONA > skibotn
71203411231,NORRONA,outlet,cotton,NORRONA > cotton
71203417211,NORRONA,outlet,cotton,NORRONA > cotton
71203414231,NORRONA,outlet,cotton,NORRONA > cotton
71203516250,NORRONA,outlet,pureull,NORRONA > pureull
71201874171,NORRONA,outlet,falketind,NORRONA > falketind
71205802231,NORRONA,outlet,senja,NORRONA > senja
71205816231,NORRONA,outlet,senja,NORRONA > senja
71204204200,NORRONA,outlet,skibotn,NORRONA > skibotn
71203427241,NORRONA,outlet,five,NORRONA > five
71202801250,NORRONA,outlet,finnskogen,NORRONA > finnskogen
71202802231,NORRONA,outlet,finnskogen,NORRONA > finnskogen
71202805230,NORRONA,outlet,finnskogen,NORRONA > finnskogen
71206062140,NORRONA,regular,finnskogen,NORRONA > finnskogen
71201004250,NORRONA,regular,lofoten,NORRONA > lofoten
71201005250,NORRONA,regular,lofoten,NORRONA > lofoten
71201019240,NORRONA,outlet,lofoten,NORRONA > lofoten
71201090250,NORRONA,unavailable,lofoten,NORRONA > lofoten
71201091250,NORRONA,outlet,lofoten,NORRONA > lofoten
71201008250,NORRONA,outlet,lofoten,NORRONA > lofoten
71201024240,NORRONA,outlet,lofoten,NORRONA > lofoten
71401063090,ACLIMA,outlet,lars,ACLIMA > lars
71202022240,NORRONA,outlet,more,NORRONA > more
71202024240,NORRONA,outlet,lyngen,NORRONA > lyngen
71202005200,NORRONA,outlet,lyngen,NORRONA > lyngen
71201604230,NORRONA,outlet,trollveggen,NORRONA > trollveggen
71308500320,HOUDINI,outlet,pace,HOUDINI > pace
71202801200,NORRONA,outlet,finnskogen,NORRONA > finnskogen
71401017890,ACLIMA,outlet,warmwool,ACLIMA > warmwool
71401017910,ACLIMA,outlet,forester,ACLIMA > forester
71401099220,ACLIMA,outlet,flat,ACLIMA > flat
1100110400,POC,regular,devour,POC > devour
71600000200,POW,outlet,denali,POW > denali
1101107500,POC,regular,poc,POC > poc
1107035500,POC,regular,kortalkortal,POC > kortalkortal
1201819210,NORRONA,regular,falketind,NORRONA > falketind
1205277250,NORRONA,regular,norrona,NORRONA > norrona
1102112000,POC,regular,aspire,POC > aspire
1107006300,POC,regular,fornix,POC > fornix
1401017680,ACLIMA,regular,warmwool,ACLIMA > warmwool
1401099160,ACLIMA,regular,woolnet,ACLIMA > woolnet
1000350610,HESTRA,regular,hydra,HESTRA > hydra
1000352010,HESTRA,regular,seam,HESTRA > seam
1000918710,HESTRA,regular,hand,HESTRA > hand
1600000290,POW,regular,helmet,POW > helmet
