id,custom_label_0,brand
71308100590,outlet,HOUDINI
71308100600,outlet,HOUDINI
71308100580,outlet,HOUDINI
71308400640,outlet,HOUDINI
71308400630,outlet,HOUDINI
71308400680,outlet,HOUDINI
71308400690,outlet,HOUDINI
71308400670,outlet,HOUDINI
71308400520,outlet,HOUDINI
71308400610,outlet,HOUDINI
71308400620,outlet,HOUDINI
71308100370,outlet,HOUDINI
71308100380,outlet,HOUDINI
71308100390,outlet,HOUDINI
71308600910,outlet,HOUDINI
71308600920,outlet,HOUDINI
71308600850,outlet,HOUDINI
71308600860,outlet,HOUDINI
71308600290,outlet,HOUDINI
71308300780,outlet,HOUDINI
71308400300,outlet,HOUDINI
71301510040,outlet,HOUDINI
71302510040,outlet,HOUDINI
71301584140,outlet,HOUDINI
71302378741,outlet,HOUDINI
71308400660,outlet,HOUDINI
71308400650,outlet,HOUDINI
71308600960,outlet,HOUDINI
71308600950,outlet,HOUDINI
71308600780,outlet,HOUDINI
71308600730,outlet,HOUDINI
71308600720,outlet,HOUDINI
71308600680,outlet,HOUDINI
71308600700,outlet,HOUDINI
71308600670,outlet,HOUDINI
71308600710,outlet,HOUDINI
71308400970,outlet,HOUDINI
71308400980,outlet,HOUDINI
71308500450,outlet,HOUDINI
71308600430,outlet,HOUDINI
71308600420,outlet,HOUDINI
71308100530,outlet,HOUDINI
71308100550,outlet,HOUDINI
71308100440,outlet,HOUDINI
71308100450,outlet,HOUDINI
71308100460,outlet,HOUDINI
71308100470,outlet,HOUDINI
71308100140,outlet,HOUDINI
71308100260,outlet,HOUDINI
71308100250,outlet,HOUDINI
71308200150,outlet,HOUDINI
71308300180,outlet,HOUDINI
71308300190,outlet,HOUDINI
71308300670,outlet,HOUDINI
71308300680,outlet,HOUDINI
71308300560,outlet,HOUDINI
71308300570,outlet,HOUDINI
71308300620,outlet,HOUDINI
71308300630,outlet,HOUDINI
71301268840,outlet,HOUDINI
71302268840,outlet,HOUDINI
71301281640,outlet,HOUDINI
71302281640,outlet,HOUDINI
71308300070,outlet,HOUDINI
71308300060,outlet,HOUDINI
71308100520,outlet,HOUDINI
71308200320,outlet,HOUDINI
71308600310,outlet,HOUDINI
71308600330,outlet,HOUDINI
71308400510,outlet,HOUDINI
71308400230,outlet,HOUDINI
71308400330,outlet,HOUDINI
71308400340,outlet,HOUDINI
71308400290,outlet,HOUDINI
71301700140,outlet,HOUDINI
71308400480,outlet,HOUDINI
71308500260,outlet,HOUDINI
71308500160,outlet,HOUDINI
71308500320,outlet,HOUDINI
71303382240,outlet,HOUDINI
71308500060,outlet,HOUDINI
71308500420,outlet,HOUDINI
71308500340,outlet,HOUDINI
71308500410,outlet,HOUDINI
71308500350,outlet,HOUDINI
71308500330,outlet,HOUDINI
71308500430,outlet,HOUDINI
71308400040,outlet,HOUDINI
71308400060,outlet,HOUDINI
71308400050,outlet,HOUDINI
71308300460,outlet,HOUDINI
71308300470,outlet,HOUDINI
71308400080,outlet,HOUDINI
71308600200,outlet,HOUDINI
71308600190,outlet,HOUDINI
71308600210,outlet,HOUDINI
71308600150,outlet,HOUDINI
71308400590,outlet,HOUDINI
71308400580,outlet,HOUDINI
71308600170,outlet,HOUDINI
71308100210,outlet,HOUDINI
71308100220,outlet,HOUDINI
71308100280,outlet,HOUDINI
71308100270,outlet,HOUDINI
71301486240,outlet,HOUDINI
71302486240,outlet,HOUDINI
71308600260,outlet,HOUDINI
71308600280,outlet,HOUDINI
71308600300,outlet,HOUDINI
71308600320,outlet,HOUDINI
71308600270,outlet,HOUDINI
71308300370,outlet,HOUDINI
71308300360,outlet,HOUDINI
71308300400,outlet,HOUDINI
71308300410,outlet,HOUDINI
71308300330,outlet,HOUDINI
71308300320,outlet,HOUDINI
71308600470,outlet,HOUDINI
71308600460,outlet,HOUDINI
71308600450,outlet,HOUDINI
71308600440,outlet,HOUDINI
71308600510,outlet,HOUDINI
71308600110,outlet,HOUDINI
71301597840,outlet,HOUDINI
71301586940,outlet,HOUDINI
71308400160,outlet,HOUDINI
71308400180,outlet,HOUDINI
71301697940,outlet,HOUDINI
71308600180,outlet,HOUDINI
71308600050,outlet,HOUDINI
71301907940,outlet,HOUDINI
71301908640,outlet,HOUDINI
71302908640,outlet,HOUDINI
71301608540,outlet,HOUDINI
71302608540,outlet,HOUDINI
71301698040,outlet,HOUDINI
71308400450,outlet,HOUDINI
71308400460,outlet,HOUDINI
71308400490,outlet,HOUDINI
71308400440,outlet,HOUDINI
71308400470,outlet,HOUDINI
71303688640,outlet,HOUDINI
71308500170,outlet,HOUDINI
71303490540,outlet,HOUDINI
71308500200,outlet,HOUDINI
71308100170,outlet,HOUDINI
71308100300,outlet,HOUDINI
71308100290,outlet,HOUDINI
71308100350,outlet,HOUDINI
71308100340,outlet,HOUDINI
71308200160,outlet,HOUDINI
71308200140,outlet,HOUDINI
71308200270,outlet,HOUDINI
71308200130,outlet,HOUDINI
71308300280,outlet,HOUDINI
71308300300,outlet,HOUDINI
71308300350,outlet,HOUDINI
71308300340,outlet,HOUDINI
71308200240,outlet,HOUDINI
71308200230,outlet,HOUDINI
71308200040,outlet,HOUDINI
71308000660,outlet,HOUDINI
71308000650,outlet,HOUDINI
71308500280,outlet,HOUDINI
71308100190,outlet,HOUDINI
71308200030,outlet,HOUDINI
71308400240,outlet,HOUDINI
71308300130,outlet,HOUDINI
71308400200,outlet,HOUDINI
71301310140,outlet,HOUDINI
71302485140,outlet,HOUDINI
71301485140,outlet,HOUDINI
71308000600,outlet,HOUDINI
71308000590,outlet,HOUDINI
71308000620,outlet,HOUDINI
71308000940,outlet,HOUDINI
71308100090,outlet,HOUDINI
71301069440,outlet,HOUDINI
71308000550,outlet,HOUDINI
71308200070,outlet,HOUDINI
71308200020,outlet,HOUDINI
71302584140,outlet,HOUDINI
71308100060,outlet,HOUDINI
71302202340,outlet,HOUDINI
71301202340,outlet,HOUDINI
71302259842,outlet,HOUDINI
71302259841,outlet,HOUDINI
71301259841,outlet,HOUDINI
71301259842,outlet,HOUDINI
71308000950,outlet,HOUDINI
71302207140,outlet,HOUDINI
71308300210,outlet,HOUDINI
71306499440,outlet,HOUDINI
71301207140,outlet,HOUDINI
71308300200,outlet,HOUDINI
71302296640,outlet,HOUDINI
71308300110,outlet,HOUDINI
71301296640,outlet,HOUDINI
71301607240,outlet,HOUDINI
71308300120,outlet,HOUDINI
71302607240,outlet,HOUDINI
71306006840,outlet,HOUDINI
71308600140,outlet,HOUDINI
71301010740,outlet,HOUDINI
71302387240,outlet,HOUDINI
71308600100,outlet,HOUDINI
71308600090,outlet,HOUDINI
71308400130,outlet,HOUDINI
71302300540,outlet,HOUDINI
71301300540,outlet,HOUDINI
71302586940,outlet,HOUDINI
71308400390,outlet,HOUDINI
71308400400,outlet,HOUDINI
71308600060,outlet,HOUDINI
71308400380,outlet,HOUDINI
71308400280,outlet,HOUDINI
71308600160,outlet,HOUDINI
71301700240,outlet,HOUDINI
71308500080,outlet,HOUDINI
71308500090,outlet,HOUDINI
71303003440,outlet,HOUDINI
71308500190,outlet,HOUDINI
71302309540,outlet,HOUDINI
71303786840,outlet,HOUDINI
71301309540,outlet,HOUDINI
71303702940,outlet,HOUDINI
71303725240,outlet,HOUDINI
71303702740,outlet,HOUDINI
71308500010,outlet,HOUDINI
71303584540,outlet,HOUDINI
71303206240,outlet,HOUDINI
71308500020,outlet,HOUDINI
71303281540,outlet,HOUDINI
71308000610,outlet,HOUDINI
71301908440,outlet,HOUDINI
71201834241,outlet,NORRONA
71201885251,outlet,NORRONA
71201814241,outlet,NORRONA
71201863201,outlet,NORRONA
71201801241,outlet,NORRONA
71201950250,outlet,NORRONA
71201887251,outlet,NORRONA
71201892250,outlet,NORRONA
71201802241,outlet,NORRONA
71201845240,outlet,NORRONA
71201953250,outlet,NORRONA
71201682250,outlet,NORRONA
71201684250,outlet,NORRONA
71202660250,outlet,NORRONA
71202648241,outlet,NORRONA
71202689241,outlet,NORRONA
71202773250,outlet,NORRONA
71202760260,outlet,NORRONA
71202777250,outlet,NORRONA
71202771250,outlet,NORRONA
71202790260,outlet,NORRONA
71202775250,outlet,NORRONA
71202649241,outlet,NORRONA
71202652241,outlet,NORRONA
71202690241,outlet,NORRONA
71202680251,outlet,NORRONA
71202654241,outlet,NORRONA
71202761260,outlet,NORRONA
71202778250,outlet,NORRONA
71205211221,outlet,NORRONA
71202637240,outlet,NORRONA
71202636240,outlet,NORRONA
71203444240,outlet,NORRONA
71203443240,outlet,NORRONA
71205827231,outlet,NORRONA
71205821230,outlet,NORRONA
71205826231,outlet,NORRONA
71205828231,outlet,NORRONA
71205808230,outlet,NORRONA
71205825230,outlet,NORRONA
71205805241,outlet,NORRONA
71205810251,outlet,NORRONA
71202300260,outlet,NORRONA
71202233251,outlet,NORRONA
71204205240,outlet,NORRONA
71204203241,outlet,NORRONA
71204207241,outlet,NORRONA
71203411231,outlet,NORRONA
71203417211,outlet,NORRONA
71203414231,outlet,NORRONA
71203516250,outlet,NORRONA
71203540250,outlet,NORRONA
71201874171,outlet,NORRONA
71205802231,outlet,NORRONA
71205816231,outlet,NORRONA
71204204200,outlet,NORRONA
71203427241,outlet,NORRONA
71202801250,outlet,NORRONA
71202802231,outlet,NORRONA
71202805230,outlet,NORRONA
71201006250,outlet,NORRONA
71201021240,outlet,NORRONA
71201007250,outlet,NORRONA
71201022240,outlet,NORRONA
71201019240,outlet,NORRONA
71201091250,outlet,NORRONA
71201008250,outlet,NORRONA
71201024240,outlet,NORRONA
71201202240,outlet,NORRONA
71201229230,outlet,NORRONA
71201225240,outlet,NORRONA
71201217230,outlet,NORRONA
71201230230,outlet,NORRONA
71201221190,outlet,NORRONA
71201226240,outlet,NORRONA
71202014240,outlet,NORRONA
71202015240,outlet,NORRONA
71202016240,outlet,NORRONA
71202018240,outlet,NORRONA
71202019240,outlet,NORRONA
71202020240,outlet,NORRONA
71202021240,outlet,NORRONA
71202022240,outlet,NORRONA
71202023240,outlet,NORRONA
71202024240,outlet,NORRONA
71202011220,outlet,NORRONA
71202005200,outlet,NORRONA
71202047220,outlet,NORRONA
71201604230,outlet,NORRONA
71201613230,outlet,NORRONA
71201815200,outlet,NORRONA
71201810230,outlet,NORRONA
71201873200,outlet,NORRONA
71201811230,outlet,NORRONA
71201819240,outlet,NORRONA
71202650250,outlet,NORRONA
71202695240,outlet,NORRONA
71202647240,outlet,NORRONA
71202623240,outlet,NORRONA
71202624240,outlet,NORRONA
71202691240,outlet,NORRONA
71202696240,outlet,NORRONA
71202657240,outlet,NORRONA
71202635240,outlet,NORRONA
71205830250,outlet,NORRONA
71205832250,outlet,NORRONA
71204813210,outlet,NORRONA
71203411230,outlet,NORRONA
71203417210,outlet,NORRONA
71203414230,outlet,NORRONA
71202406210,outlet,NORRONA
71201064170,outlet,NORRONA
71205226230,outlet,NORRONA
71203543250,outlet,NORRONA
71202801200,outlet,NORRONA
71201885250,outlet,NORRONA
71201891250,outlet,NORRONA
71201815220,outlet,NORRONA
71201889250,outlet,NORRONA
71201826240,outlet,NORRONA
71201838240,outlet,NORRONA
71201890250,outlet,NORRONA
71201823220,outlet,NORRONA
71201614240,outlet,NORRONA
71201627220,outlet,NORRONA
71201627190,outlet,NORRONA
71203032160,outlet,NORRONA
71201618240,outlet,NORRONA
71201626220,outlet,NORRONA
71202629240,outlet,NORRONA
71202669250,outlet,NORRONA
71202718250,outlet,NORRONA
71202628240,outlet,NORRONA
71202642240,outlet,NORRONA
71202627240,outlet,NORRONA
71202646240,outlet,NORRONA
71202640240,outlet,NORRONA
71202674240,outlet,NORRONA
71202672240,outlet,NORRONA
71202673240,outlet,NORRONA
71202679250,outlet,NORRONA
71202683240,outlet,NORRONA
71202686240,outlet,NORRONA
71202634240,outlet,NORRONA
71202719250,outlet,NORRONA
71202632240,outlet,NORRONA
71202692240,outlet,NORRONA
71202633240,outlet,NORRONA
71202717250,outlet,NORRONA
71202676240,outlet,NORRONA
71202662240,outlet,NORRONA
71202677240,outlet,NORRONA
71202207180,outlet,NORRONA
71202237250,outlet,NORRONA
71205241220,outlet,NORRONA
71203427240,outlet,NORRONA
71201025200,outlet,NORRONA
71201031200,outlet,NORRONA
71201201230,outlet,NORRONA
71201032200,outlet,NORRONA
71201026200,outlet,NORRONA
71202205230,outlet,NORRONA
71201605220,outlet,NORRONA
71201025240,outlet,NORRONA
71202025240,outlet,NORRONA
71201026240,outlet,NORRONA
71201206230,outlet,NORRONA
71201205230,outlet,NORRONA
71205806230,outlet,NORRONA
71201208230,outlet,NORRONA
71201207230,outlet,NORRONA
71201203190,outlet,NORRONA
71202204230,outlet,NORRONA
71201812220,outlet,NORRONA
71201811220,outlet,NORRONA
71202653240,outlet,NORRONA
71202033240,outlet,NORRONA
71202003230,outlet,NORRONA
71201820240,outlet,NORRONA
71201814240,outlet,NORRONA
71202041180,outlet,NORRONA
71202201230,outlet,NORRONA
71202652240,outlet,NORRONA
71202648240,outlet,NORRONA
71201206190,outlet,NORRONA
71201219190,outlet,NORRONA
71201816220,outlet,NORRONA
71201003220,outlet,NORRONA
71202654240,outlet,NORRONA
71205822230,outlet,NORRONA
71201804230,outlet,NORRONA
71205823230,outlet,NORRONA
71205819230,outlet,NORRONA
71202665240,outlet,NORRONA
71205209220,outlet,NORRONA
71205824230,outlet,NORRONA
71205820230,outlet,NORRONA
71205809230,outlet,NORRONA
71205806240,outlet,NORRONA
71205807230,outlet,NORRONA
71205805240,outlet,NORRONA
71205229230,outlet,NORRONA
71201047200,outlet,NORRONA
71203417180,outlet,NORRONA
71205817230,outlet,NORRONA
71201810220,outlet,NORRONA
71201809220,outlet,NORRONA
71202626240,outlet,NORRONA
71201813200,outlet,NORRONA
71202625240,outlet,NORRONA
71202630240,outlet,NORRONA
71202664240,outlet,NORRONA
71204201240,outlet,NORRONA
71204208240,outlet,NORRONA
71204208241,outlet,NORRONA
71202203240,outlet,NORRONA
71101090300,outlet,POC
71100108120,outlet,POC
71101059300,outlet,POC
71102513400,outlet,POC
71105811100,outlet,POC
71105822100,outlet,POC
71105330700,outlet,POC
71105329500,outlet,POC
71105330800,outlet,POC
71105285000,outlet,POC
71105290200,outlet,POC
71105290700,outlet,POC
71106165600,outlet,POC
71103033800,outlet,POC
71106516800,outlet,POC
71105821700,outlet,POC
71106430600,outlet,POC
71106431100,outlet,POC
71106431200,outlet,POC
71106431300,outlet,POC
71100104880,outlet,POC
71100101140,outlet,POC
71100101160,outlet,POC
71101041400,outlet,POC
71101041200,outlet,POC
71100101850,outlet,POC
71100409010,outlet,POC
71100104740,outlet,POC
71102062000,outlet,POC
71102032800,outlet,POC
71102051000,outlet,POC
71102051100,outlet,POC
71102002200,outlet,POC
71102017200,outlet,POC
71102009600,outlet,POC
71102009500,outlet,POC
71100510850,outlet,POC
71105108100,outlet,POC
71100616520,outlet,POC
71100616510,outlet,POC
71106165700,outlet,POC
71106005100,outlet,POC
71100600550,outlet,POC
71100104760,outlet,POC
71102002400,outlet,POC
71100203230,outlet,POC
71102045000,outlet,POC
71102019400,outlet,POC
71106160800,outlet,POC
71100642670,outlet,POC
71100642700,outlet,POC
71100642680,outlet,POC
71100642690,outlet,POC
71101088500,outlet,POC
71100108160,outlet,POC
71101081400,outlet,POC
71100108410,outlet,POC
71101079300,outlet,POC
71100101810,outlet,POC
71101082000,outlet,POC
71101059100,outlet,POC
71101074600,outlet,POC
71101052100,outlet,POC
71100290100,outlet,POC
71101073600,outlet,POC
71101082600,outlet,POC
71105231300,outlet,POC
71105801200,outlet,POC
71105231500,outlet,POC
71105231800,outlet,POC
71105822300,outlet,POC
71105815700,outlet,POC
71105816200,outlet,POC
71105329200,outlet,POC
71105331000,outlet,POC
71105329700,outlet,POC
71100581650,outlet,POC
71105231400,outlet,POC
71105276300,outlet,POC
71105234400,outlet,POC
71105234600,outlet,POC
71105290100,outlet,POC
71105275400,outlet,POC
71105276700,outlet,POC
71105275500,outlet,POC
71105233700,outlet,POC
71105283500,outlet,POC
71105284600,outlet,POC
71105283900,outlet,POC
71105285700,outlet,POC
71103033400,outlet,POC
71103037600,outlet,POC
71103037500,outlet,POC
71106514100,outlet,POC
71106410100,outlet,POC
71105820600,outlet,POC
71102037800,outlet,POC
71102039500,outlet,POC
71102037700,outlet,POC
71102044000,outlet,POC
71102043000,outlet,POC
71100251330,outlet,POC
71100251320,outlet,POC
71100251310,outlet,POC
71102512100,outlet,POC
71102512000,outlet,POC
71105232700,outlet,POC
71105234000,outlet,POC
71105815400,outlet,POC
71105233800,outlet,POC
71105330200,outlet,POC
71106514600,outlet,POC
71106512000,outlet,POC
71106514700,outlet,POC
71100104860,outlet,POC
71105108000,outlet,POC
71100101820,outlet,POC
71100101790,outlet,POC
71100510650,outlet,POC
71100510640,outlet,POC
71101001000,outlet,POC
71100104830,outlet,POC
71100408510,outlet,POC
71100408910,outlet,POC
71100101800,outlet,POC
71100408410,outlet,POC
71101010900,outlet,POC
71100408610,outlet,POC
71106005000,outlet,POC
71100642660,outlet,POC
71100642650,outlet,POC
71101077200,outlet,POC
71105822400,outlet,POC
71105813500,outlet,POC
71105805100,outlet,POC
71101058000,outlet,POC
71101076700,outlet,POC
71105816400,outlet,POC
71105234200,outlet,POC
71101053000,outlet,POC
71105284700,outlet,POC
71105233900,outlet,POC
71105330300,outlet,POC
71104025100,outlet,POC
71106005300,outlet,POC
71102060000,outlet,POC
71105815300,outlet,POC
71105814900,outlet,POC
71103037400,outlet,POC
71103033500,outlet,POC
71030020800,outlet,HESTRA
71030016200,outlet,HESTRA
71000338820,outlet,HESTRA
71000304300,outlet,HESTRA
71000304310,outlet,HESTRA
71030018800,outlet,HESTRA
71030027010,outlet,HESTRA
71000313600,outlet,HESTRA
71030027410,outlet,HESTRA
71030027420,outlet,HESTRA
71000329500,outlet,HESTRA
71030036200,outlet,HESTRA
71030007300,outlet,HESTRA
71030007310,outlet,HESTRA
71000325300,outlet,HESTRA
71000325320,outlet,HESTRA
71000329910,outlet,HESTRA
71000204600,outlet,HESTRA
71000206600,outlet,HESTRA
71020035800,outlet,HESTRA
71000205600,outlet,HESTRA
71020017300,outlet,HESTRA
71030027000,outlet,HESTRA
71030019100,outlet,HESTRA
71000372900,outlet,HESTRA
71000374400,outlet,HESTRA
71000340000,outlet,HESTRA
71000340020,outlet,HESTRA
71000344400,outlet,HESTRA
71000103600,outlet,HESTRA
71000205800,outlet,HESTRA
71000317900,outlet,HESTRA
71000309300,outlet,HESTRA
71000309400,outlet,HESTRA
71000331500,outlet,HESTRA
71000351410,outlet,HESTRA
71030014700,outlet,HESTRA
71030015410,outlet,HESTRA
71000364710,outlet,HESTRA
71000341300,outlet,HESTRA
71000309309,outlet,HESTRA
71000303100,outlet,HESTRA
71000344410,outlet,HESTRA
71000202800,outlet,HESTRA
71000364719,outlet,HESTRA
71000315209,outlet,HESTRA
71000363510,outlet,HESTRA
71000342400,outlet,HESTRA
71000338729,outlet,HESTRA
71000338829,outlet,HESTRA
71000364219,outlet,HESTRA
71401102720,outlet,ACLIMA
71401113840,outlet,ACLIMA
71401114280,outlet,ACLIMA
71401046750,outlet,ACLIMA
71401095130,outlet,ACLIMA
71401095160,outlet,ACLIMA
71401095170,outlet,ACLIMA
71401095180,outlet,ACLIMA
71401102740,outlet,ACLIMA
71401114500,outlet,ACLIMA
71401114790,outlet,ACLIMA
71401115080,outlet,ACLIMA
71401115370,outlet,ACLIMA
71401115660,outlet,ACLIMA
71401104560,outlet,ACLIMA
71401095210,outlet,ACLIMA
71401095220,outlet,ACLIMA
71401095230,outlet,ACLIMA
71401017110,outlet,ACLIMA
71401084500,outlet,ACLIMA
71401032980,outlet,ACLIMA
71401073700,outlet,ACLIMA
71401084520,outlet,ACLIMA
71401016840,outlet,ACLIMA
71401016850,outlet,ACLIMA
71401016860,outlet,ACLIMA
71401016780,outlet,ACLIMA
71401074960,outlet,ACLIMA
71401074990,outlet,ACLIMA
71401027100,outlet,ACLIMA
71401042980,outlet,ACLIMA
71401017750,outlet,ACLIMA
71401068230,outlet,ACLIMA
71401017910,outlet,ACLIMA
71401034890,outlet,ACLIMA
71401017220,outlet,ACLIMA
71401075010,outlet,ACLIMA
71401099220,outlet,ACLIMA
71401017890,outlet,ACLIMA
71401039930,outlet,ACLIMA
71401054600,outlet,ACLIMA
71401039830,outlet,ACLIMA
71401039810,outlet,ACLIMA
71401039770,outlet,ACLIMA
71401039910,outlet,ACLIMA
71401068200,outlet,ACLIMA
71401046880,outlet,ACLIMA
71401047850,outlet,ACLIMA
71401047720,outlet,ACLIMA
71401016330,outlet,ACLIMA
71401099150,outlet,ACLIMA
71401084490,outlet,ACLIMA
71401017360,outlet,ACLIMA
71401084780,outlet,ACLIMA
71401084800,outlet,ACLIMA
71401084770,outlet,ACLIMA
71401074870,outlet,ACLIMA
71401084790,outlet,ACLIMA
71401074890,outlet,ACLIMA
71401088630,outlet,ACLIMA
71401084550,outlet,ACLIMA
71401084560,outlet,ACLIMA
71401084540,outlet,ACLIMA
71401084580,outlet,ACLIMA
71401084590,outlet,ACLIMA
71401084570,outlet,ACLIMA
71401063080,outlet,ACLIMA
71401063060,outlet,ACLIMA
71401063070,outlet,ACLIMA
71401084670,outlet,ACLIMA
71401084620,outlet,ACLIMA
71401084610,outlet,ACLIMA
71401031570,outlet,ACLIMA
71401017860,outlet,ACLIMA
71401017740,outlet,ACLIMA
71401017780,outlet,ACLIMA
71401063090,outlet,ACLIMA
71401047450,outlet,ACLIMA
71401039790,outlet,ACLIMA
71401039760,outlet,ACLIMA
71401017150,outlet,ACLIMA
71401016900,outlet,ACLIMA
71401017640,outlet,ACLIMA
71401040780,outlet,ACLIMA
71401040350,outlet,ACLIMA
71401017050,outlet,ACLIMA
71401016320,outlet,ACLIMA
71401017020,outlet,ACLIMA
71401017040,outlet,ACLIMA
71401017310,outlet,ACLIMA
71401034910,outlet,ACLIMA
71401055510,outlet,ACLIMA
71522311370,outlet,SAIL RACING
71525311100,outlet,SAIL RACING
71525111080,outlet,SAIL RACING
71522311140,outlet,SAIL RACING
71522311150,outlet,SAIL RACING
71521111050,outlet,SAIL RACING
71522116070,outlet,SAIL RACING
71523316090,outlet,SAIL RACING
71522316040,outlet,SAIL RACING
71522112020,outlet,SAIL RACING
71522315020,outlet,SAIL RACING
71520118500,outlet,SAIL RACING
71522312100,outlet,SAIL RACING
71521312040,outlet,SAIL RACING
71523112080,outlet,SAIL RACING
71520112070,outlet,SAIL RACING
71522315030,outlet,SAIL RACING
71525115110,outlet,SAIL RACING
71521112030,outlet,SAIL RACING
71520112080,outlet,SAIL RACING
71525115020,outlet,SAIL RACING
71522112110,outlet,SAIL RACING
71521118050,outlet,SAIL RACING
71525115010,outlet,SAIL RACING
71525115040,outlet,SAIL RACING
71525115030,outlet,SAIL RACING
71523115010,outlet,SAIL RACING
71523115210,outlet,SAIL RACING
71522322100,outlet,SAIL RACING
71523125030,outlet,SAIL RACING
71523126010,outlet,SAIL RACING
71523125010,outlet,SAIL RACING
71520317010,outlet,SAIL RACING
71520317060,outlet,SAIL RACING
71520317110,outlet,SAIL RACING
71520317130,outlet,SAIL RACING
71523117030,outlet,SAIL RACING
71522317090,outlet,SAIL RACING
71523117010,outlet,SAIL RACING
71521117010,outlet,SAIL RACING
71521117030,outlet,SAIL RACING
71522112700,outlet,SAIL RACING
71522317080,outlet,SAIL RACING
71522315010,outlet,SAIL RACING
71521118010,outlet,SAIL RACING
71522325100,outlet,SAIL RACING
71522315200,outlet,SAIL RACING
71522317050,outlet,SAIL RACING
71522325120,outlet,SAIL RACING
71520317030,outlet,SAIL RACING
71600000200,outlet,
71600000190,outlet,
7100000040,outlet,
7100000050,outlet,
